,0,1,2,3,4,5,6,7,8,9,10,11,12,13,14,15,16,17,18,19,20,21,22,23,24,25,26,27,28,29,30,31,32,33,34,35,36,37,38,39,40,41,42,43,44,45,46,47,48,49,50,51,52,53,54,55,56,57,58,59,60,61,62,63,64,65,66,67,68,69,70,71,72,73,74,75,76,77,78,79,80,81,82,83,84,85,86,87,88,89,90,91,92,93,94,95
0,865.94,614.23,11787.98,13023.71,2649.38,0.0,0.0,5489.63,675.49,0.0,0.0,0.0,4532.1,6156.02,2947.0,642.33,20.42,0.0,0.0,573.39,37.81,6.66,0.0,0.0,19.62,114.44,1057.81,6141.46,751.91,759.19,36.39,7420.86,696.92,0.0,0.0,266.48,536.59,37.12,6.25,562.67,795.99,280.43,13266.33,756.16,267.89,7770.23,174.48,0.0,11037.48,762.63,0.0,0.0,11415.97,8045.2,3568.1,1.77,557.21,56.81,762.63,157.3,10820.74,11338.33,8954.21,345.53,0.0,0.0,0.0,12544.95,12422.02,11445.08,708.04,10691.35,195.71,2131.8,12075.89,10581.36,11755.63,540.63,3988.63,0.0,0.0,0.0,736.14,6.43,432.06,0.0,0.0,0.0,740.59,752.52,9044.78,12464.07,12577.3,12244.1,179.54,0.0
1,83.97,58.57,96.75,97.88,112.89,113.26,0.0,113.26,101.87,10.84,5.07,0.0,10.04,3.58,58.76,54.16,6.66,0.0,0.0,104.0,0.0,0.0,0.0,0.0,0.0,12.75,94.73,99.25,108.3,95.76,110.5,96.02,102.58,0.0,0.0,66.84,85.5,7.26,0.0,1.25,107.2,111.29,101.53,110.48,105.49,4.1,22.47,0.0,50.83,102.74,0.0,0.0,113.26,113.26,112.03,39.18,77.36,3.71,111.69,35.32,4.71,5.17,5.53,0.0,0.0,0.0,0.0,107.49,105.94,113.26,113.73,107.51,110.48,100.48,100.59,102.05,102.68,4.67,101.48,0.0,0.0,0.0,25.45,96.23,17.95,0.0,8.62,0.0,113.27,100.95,113.26,111.42,98.25,108.17,0.68,0.0
2,92.2,91.99,91.09,98.37,96.33,0.0,0.0,44.37,95.63,14.56,0.0,0.0,12.28,21.43,42.95,79.39,0.0,0.0,0.0,104.33,82.41,67.74,0.0,0.0,79.88,103.04,94.0,95.55,93.51,91.24,68.46,96.61,95.35,20.48,10.03,66.78,60.92,0.0,0.0,101.34,101.67,92.53,100.1,98.21,93.8,0.0,0.0,0.0,71.33,89.33,0.0,0.0,37.09,65.11,95.27,54.8,100.87,0.0,92.43,77.48,13.48,42.53,47.03,0.0,0.0,0.0,0.0,101.24,105.91,52.76,102.58,104.57,104.88,98.89,99.3,98.39,98.01,85.97,99.3,0.0,0.0,0.0,104.75,106.35,60.82,0.0,84.37,0.0,95.68,102.71,105.57,102.73,101.91,94.99,104.7,0.0
3,10249.91,2361.28,11181.45,19898.44,10936.77,198.75,6759.24,7885.68,10600.71,635.18,58.78,3.07,4669.5,489.35,55078.88,10075.98,1.95,9.96,0.0,301.08,0.0,0.0,0.0,0.0,3319.35,1378.05,2942.02,68450.63,10311.81,11110.7,200.34,0.0,11031.1,0.0,0.0,0.0,0.0,921.32,0.0,0.0,35799.5,1300.62,8198.16,0.0,166.73,417.82,7753.02,0.0,65903.63,9946.27,0.0,0.0,9073.69,29237.44,17669.81,60.37,368.61,0.0,1405.96,1270.36,8.49,61128.0,21879.44,90.8,0.0,0.0,0.0,1325.38,11558.78,11328.84,1122.57,2231.57,1293.94,606.48,68061.5,56210.88,69105.06,178.76,11284.63,0.0,0.0,0.0,243.3,0.0,174.69,0.0,0.0,0.0,6850.96,9395.01,21366.5,63232.81,64134.88,63480.44,0.0,11.03
4,1.68,0.42,1.93,262.23,2.12,0.2,0.0,0.21,0.04,0.06,0.13,1.18,125.77,170.75,0.0,0.04,0.06,0.01,0.0,0.36,0.0,0.0,0.0,0.0,0.2,0.05,1.14,1.39,12.42,2.04,1.94,0.0,0.64,0.0,0.0,0.41,0.76,0.82,0.0,0.0,0.26,1.4,1.77,0.41,1.43,185.33,0.0,0.0,199.42,0.03,0.04,0.04,0.06,0.02,0.0,0.0,0.28,0.0,1.9,0.08,132.86,10.82,2.07,0.0,0.0,0.0,0.0,154.32,91.2,176.46,0.4,68.66,0.28,0.98,48.4,93.86,0.01,0.0,2.61,0.0,0.0,0.0,0.0,0.0,0.11,0.03,0.06,0.01,2.08,2.08,1.62,12.74,3.11,0.0,0.01,0.0
5,8855.73,5223.53,7171.64,23520.14,10518.41,0.0,0.0,1110.05,5152.17,59.26,3.27,66.35,643.25,1047.31,2197.88,75.92,0.0,0.0,0.0,1070.66,284.48,55.3,0.0,0.0,3.12,6.53,144.79,1169.63,767.15,694.42,50.69,102.14,293.17,10.49,13.15,53.01,0.0,0.0,0.0,1209.2,506.49,118.0,124.79,0.0,96.91,1245.04,0.0,0.0,2174.01,5.93,0.0,0.0,3739.25,4224.49,11888.52,8.18,17.28,0.0,173.98,0.0,1141.63,2697.39,5523.24,0.0,0.0,0.0,0.0,1804.71,1662.18,2040.56,3191.93,2993.89,14.34,766.65,4181.13,1195.16,2470.02,0.0,4231.63,0.0,0.0,0.0,1362.18,4581.29,87.56,0.0,0.0,0.0,2055.16,5808.68,12374.97,14438.2,16412.72,15777.62,1598.46,0.0
6,243.64,13.12,325.26,338.55,98.89,0.0,0.0,314.55,48.45,0.0,0.0,92.91,198.22,53.92,48.45,8.71,1.49,0.0,0.0,12.51,14.65,3.27,0.0,0.0,0.05,1.18,12.36,78.86,234.5,106.03,1.02,0.29,11.7,1.66,1.52,4.79,0.0,0.0,0.0,72.99,14.82,9.91,11.25,0.0,0.1,62.01,0.13,0.0,90.16,9.11,0.0,0.0,65.08,55.86,72.76,0.0,4.82,0.0,3.64,0.0,29.11,241.61,254.76,0.0,0.0,0.0,0.0,307.23,115.7,190.63,3.74,309.4,13.41,54.89,55.32,110.86,94.23,0.0,44.52,0.0,0.0,0.0,34.48,3.31,1.69,0.0,0.0,0.0,74.7,140.83,301.54,311.16,304.66,311.3,35.27,0.0
7,15.89,5.61,23.08,80.46,33.49,0.0,0.0,6.49,0.0,0.0,0.0,0.0,9.16,10.33,7.7,15.51,0.82,0.0,0.0,0.0,0.0,0.0,0.0,0.0,0.0,1.27,4.66,2.58,4.2,7.73,5.31,10.66,11.34,0.0,0.0,1.55,2.36,0.0,0.0,0.0,4.58,1.52,9.6,2.84,3.3,28.94,5.27,0.0,9.44,1.65,0.0,0.0,4.94,2.85,12.56,8.24,7.02,5.28,14.26,8.91,0.73,13.48,17.49,0.0,0.0,0.0,0.0,4.34,2.87,3.06,12.85,13.55,4.13,11.29,22.53,3.42,13.21,2.0,1.46,0.0,0.0,0.0,1.91,4.01,0.0,2.18,4.26,0.0,7.62,6.75,3.05,11.66,9.79,77.72,8.95,0.0
8,157.91,9.03,2.48,163.14,111.44,0.31,0.0,6.48,4.74,0.17,0.0,0.0,57.55,88.04,61.65,86.14,0.18,0.0,0.0,5.38,0.0,0.0,0.0,0.0,9.05,6.84,2.99,108.56,7.94,12.53,0.77,154.47,0.67,0.0,0.0,2.15,0.0,0.0,0.0,12.61,0.55,0.33,1437.86,0.0,0.11,3.39,0.68,0.0,864.34,16.89,0.0,0.0,147.92,1317.87,287.98,0.2,2.29,0.0,1.41,0.0,2.2,334.34,2.91,0.0,0.0,0.0,0.0,279.75,277.86,264.3,12.61,0.0,0.76,0.85,2239.16,164.42,246.4,0.0,7.01,0.0,0.0,0.0,0.62,13.2,0.66,0.0,0.0,0.0,2.04,13.92,12.07,12.58,235.19,318.17,0.0,0.0
9,82.74,93.15,117.96,108.12,98.89,0.0,0.0,46.97,96.33,18.01,0.0,0.0,15.2,17.35,5.1,1.71,0.0,0.0,0.0,64.5,33.29,15.83,0.0,0.0,18.34,109.76,6.05,20.67,69.46,60.08,0.0,19.8,25.06,0.0,0.0,0.0,0.0,0.0,0.0,6.78,88.4,19.2,10.78,0.0,0.0,53.4,0.0,0.0,66.78,0.0,0.0,0.0,42.96,68.3,87.94,58.96,120.6,0.0,79.5,0.0,16.45,19.46,9.65,0.0,0.0,0.0,0.0,15.6,28.65,32.09,90.06,88.77,46.03,50.89,106.3,14.16,66.9,8.16,16.15,0.0,0.0,0.0,64.68,100.6,34.49,0.0,6.55,0.0,31.2,12.06,129.55,109.46,111.5,168.4,22.4,0.0
10,0.12,0.19,0.03,1.34,0.44,0.0,0.0,0.76,0.04,0.0,0.0,0.01,0.08,0.06,0.05,0.01,0.0,0.0,0.0,0.01,0.01,0.0,0.0,0.0,0.0,0.0,0.01,0.0,0.03,0.05,0.0,0.12,0.0,0.0,0.01,0.0,0.0,0.0,0.0,0.02,0.0,0.0,0.04,0.0,0.0,0.04,0.0,0.0,1.02,0.1,0.0,0.0,0.14,0.07,0.2,0.01,0.01,0.0,0.0,0.0,0.0,3.62,1.94,0.0,0.0,0.0,0.0,0.25,0.44,0.46,0.1,0.03,1.37,0.01,0.23,0.07,0.33,0.0,0.0,0.0,0.0,0.0,0.01,0.65,0.0,0.0,0.0,0.0,0.0,0.01,3.2,5.69,1.98,0.05,0.0,0.0
11,21.32,1.3,25.61,120.02,0.38,0.0,0.0,0.99,0.18,0.0,0.0,0.0,0.59,0.73,1.67,0.81,0.01,0.0,0.0,0.0,0.0,0.0,0.0,0.0,0.02,0.11,10.35,2.71,0.16,0.24,0.18,0.0,0.35,0.0,0.0,0.08,0.09,0.0,0.0,0.13,0.67,0.57,0.0,0.0,0.0,1.26,0.1,0.0,37.14,1.4,0.0,0.0,32.33,39.73,0.0,0.0,0.0,0.0,1.33,0.01,35.94,99.14,106.45,0.0,0.0,0.0,0.0,7.58,24.26,16.31,0.0,0.0,0.05,0.98,9.28,2.03,2.96,0.03,0.0,0.0,0.0,0.0,0.0,0.0,0.0,0.51,0.27,0.0,0.38,1.73,17.95,13.68,18.51,20.86,0.0,0.0
12,16.28,14.79,13.25,20.61,20.89,0.0,0.0,36.77,126.98,0.0,0.0,0.9,105.83,94.14,3.15,0.0,0.0,0.0,0.0,5.87,0.66,0.03,0.0,0.0,0.0,0.0,6.08,14.56,9.98,31.56,0.0,0.0,0.0,0.0,0.0,0.0,0.0,0.0,0.0,9.59,6.43,2.33,0.1,0.0,0.0,4.78,0.0,0.0,4.12,0.0,0.0,0.0,39.37,65.03,55.86,0.0,0.0,0.0,0.0,0.0,3.52,159.45,182.79,0.0,0.0,0.0,0.0,12.31,4.35,1.51,10.11,69.2,0.06,13.07,16.26,13.86,22.8,0.0,0.68,0.0,0.0,0.0,6.6,60.14,0.0,0.0,0.12,0.0,12.09,13.04,98.11,62.75,123.38,137.81,0.49,0.0
13,162.43,24.36,177.07,259.37,70.19,0.0,0.0,96.67,90.43,0.0,0.0,0.0,74.03,2.81,0.0,0.0,0.0,0.0,0.0,0.09,27.7,11.41,0.0,0.0,0.0,0.0,0.27,0.77,13.38,23.91,0.0,0.16,0.0,1.94,2.02,0.0,0.0,0.0,0.0,1.65,0.0,0.0,11.88,0.0,0.0,0.0,0.0,0.0,0.0,0.0,0.0,0.0,17.13,7.41,13.15,0.0,0.01,0.0,0.0,0.0,0.07,47.18,16.95,0.0,0.0,0.0,0.0,78.68,32.95,5.71,111.45,48.95,1.25,3.6,0.22,3.44,13.36,0.0,31.77,0.0,0.0,0.0,1.65,24.5,0.23,0.0,0.0,0.0,7.86,21.78,90.57,108.06,268.59,278.08,96.22,0.0
14,119.48,123.58,134.63,127.79,139.92,0.0,0.0,133.41,130.19,6.71,0.0,0.0,3.83,6.41,8.75,54.0,23.69,0.0,0.0,0.0,0.0,0.0,0.0,0.0,0.0,0.0,4.88,1.86,5.32,13.63,0.0,35.83,0.0,0.0,0.0,6.07,7.16,0.0,0.0,2.98,0.0,0.0,121.75,6.75,0.0,0.0,0.0,0.0,0.0,28.37,0.0,0.0,58.03,66.44,114.91,25.09,0.0,0.0,0.0,0.0,0.0,0.0,0.0,0.0,0.0,0.0,0.0,136.7,55.79,65.32,139.18,139.07,0.0,9.49,44.81,14.34,60.71,0.0,28.61,0.0,0.0,0.0,11.94,141.52,19.91,0.0,0.0,0.0,19.29,11.02,111.75,138.13,130.43,131.24,10.68,0.0
15,0.1,0.0,4.19,16.3,0.0,0.0,0.0,0.0,0.0,0.0,0.0,0.0,0.89,10.75,0.0,0.0,0.47,0.0,0.0,0.0,0.0,0.0,0.0,0.0,0.0,0.0,0.26,0.36,0.0,0.0,0.08,0.0,0.24,0.0,0.0,0.06,0.0,0.08,0.0,0.19,0.23,0.07,0.0,0.0,0.0,13.03,0.0,0.0,4.76,0.0,0.0,0.0,2.5,6.03,0.0,0.0,0.0,0.0,0.13,0.03,23.37,50.35,93.93,0.0,0.0,0.0,0.0,7.32,6.96,25.09,0.0,7.53,1.6,0.47,0.54,1.03,0.65,0.02,0.0,0.0,0.0,0.0,0.78,0.0,0.0,0.0,0.31,0.0,0.28,0.84,1.85,1.21,1.89,4.5,0.0,0.0
16,23.98,13.38,991.93,749.78,98.74,0.0,0.0,407.7,401.41,0.0,0.0,0.0,581.43,134.13,113.53,0.0,0.0,0.0,0.0,11.64,0.0,0.0,0.0,0.0,0.0,0.0,10.71,27.28,81.62,65.0,0.0,0.0,0.0,0.0,0.0,0.0,0.0,0.0,0.0,15.45,0.0,0.0,0.0,0.0,0.0,310.38,0.0,0.0,373.82,0.0,0.0,0.0,82.98,77.86,82.43,0.0,0.0,0.0,0.0,0.0,0.0,433.24,585.19,0.0,0.0,0.0,0.0,97.35,264.12,27.0,8.74,317.27,0.0,73.76,179.24,86.58,117.14,0.0,167.94,0.0,0.0,0.0,48.74,1236.68,0.0,0.0,0.0,0.0,74.18,128.42,961.01,948.27,820.01,692.29,8.43,0.0
17,283.01,66.26,110.29,295.75,245.59,0.0,0.0,19.72,96.57,0.0,0.0,0.0,62.1,41.57,57.94,0.0,0.0,0.0,0.0,0.0,0.0,0.0,0.0,0.0,11.66,28.01,22.49,12.72,0.77,12.31,10.18,0.0,11.53,0.0,0.0,0.0,0.0,0.0,0.0,0.0,53.23,119.7,0.0,0.0,0.0,171.74,0.0,0.0,209.88,8.57,0.0,0.0,0.0,0.0,0.0,0.0,0.0,0.0,0.0,0.0,0.0,4506.79,1002.64,0.0,0.0,0.0,0.0,120.71,117.51,301.54,131.94,0.0,81.47,212.23,304.07,296.48,308.41,0.0,91.54,0.0,0.0,0.0,0.0,0.0,0.0,0.0,0.0,0.0,65.43,103.04,0.0,0.0,6233.44,7787.23,0.0,0.0
18,47.05,15.14,49.66,295.16,75.89,0.0,0.0,36.57,81.82,0.0,0.0,0.0,0.0,0.0,19.56,11.63,0.0,0.0,0.0,0.0,6.13,1.71,0.0,0.0,1.52,6.71,7.19,8.92,7.01,6.39,0.0,0.0,0.0,0.0,0.0,0.0,0.0,0.0,0.0,9.25,7.71,3.13,104.13,0.0,0.0,0.0,0.0,0.0,0.0,7.34,0.0,0.0,0.0,4.3,59.52,0.0,0.0,0.0,0.0,0.0,0.0,25.18,34.91,0.0,0.0,0.0,0.0,4.48,0.0,0.0,61.89,0.0,0.0,5.45,31.56,9.46,20.17,12.76,9.09,0.0,0.0,0.0,0.0,0.0,0.0,0.0,0.0,0.0,0.0,0.0,0.0,25.46,228.19,304.25,82.98,0.0
19,0.0,0.0,0.0,8.24,1.5,8.5,0.0,0.0,0.0,0.0,0.0,0.0,0.17,0.0,0.0,0.0,0.0,17.43,0.0,0.0,9.77,5.7,0.0,0.0,3668.25,1717.22,153.75,169.6,56.18,103.97,90.4,0.0,54.19,0.0,0.0,0.0,0.0,36.43,48.03,0.0,182.34,966.04,100.54,0.0,0.0,0.0,0.0,0.0,0.0,0.0,0.0,0.0,0.0,1.17,0.0,0.0,0.0,0.0,0.0,94.49,586.7,5038.96,2758.22,0.0,0.0,0.0,0.0,6.22,525.74,1147.34,0.0,222.85,1382.61,1546.74,1698.21,0.0,0.0,0.0,0.0,0.0,0.0,0.0,101.4,0.0,0.0,0.0,19.78,0.0,123.75,123.75,0.0,0.0,341.1,0.0,0.0,0.0
20,35.12,0.0,16.7,26.57,0.36,0.0,0.0,0.0,0.0,0.0,0.0,0.25,1.09,2.54,0.0,0.0,0.0,0.0,0.0,0.0,0.0,0.0,0.0,0.0,0.0,0.0,0.09,0.05,0.15,0.2,0.66,0.0,0.04,0.0,0.0,0.0,0.0,0.0,0.0,0.05,0.04,0.01,0.26,0.0,0.0,0.0,0.0,0.0,0.0,0.0,0.0,0.0,11.4,14.08,0.0,0.0,0.0,0.0,0.0,0.0,15.19,31.76,22.98,0.0,0.0,0.0,0.0,0.0,0.48,0.0,0.0,2.66,0.04,0.07,0.46,0.75,0.49,0.85,0.0,0.0,0.0,0.0,0.02,0.0,0.0,0.0,0.0,0.0,0.77,0.5,10.9,8.28,10.31,11.74,0.0,0.0
21,75519.92,13480.86,157276.67,963455.17,28699.69,1487.75,0.0,1838.51,5314.87,1738.18,0.0,0.0,0.0,0.0,4398.32,4984.04,0.0,0.0,0.0,4021.4,0.0,0.0,0.0,0.0,2421.52,3714.98,7548.69,212.54,0.0,0.0,0.0,5586.03,0.0,0.0,0.0,0.0,0.0,0.0,0.0,0.0,0.0,0.0,101300.12,0.0,0.0,0.0,0.0,0.0,3712.27,5173.86,0.0,0.0,2437.79,3153.67,36452.55,0.0,0.0,5081.66,26690.55,0.0,0.0,0.0,0.0,0.0,0.0,0.0,0.0,27271.62,6659.85,0.0,8088.9,5775.85,0.0,0.0,28937.36,0.0,8915.96,0.0,7454.37,0.0,0.0,0.0,0.0,6526.98,0.0,0.0,0.0,0.0,0.0,0.0,0.0,0.0,464508.5,134343.71,5260.63,0.0
22,1321.86,729.37,209.64,1285.96,1380.63,777.97,0.0,0.0,0.0,0.0,0.0,0.0,0.0,0.0,484.41,771.97,0.0,0.0,0.0,0.0,0.0,0.0,0.0,0.0,53.02,1361.3,827.59,1423.24,0.0,0.0,0.0,0.0,0.0,0.0,0.0,0.0,0.0,0.0,0.0,0.0,616.16,179.05,83.55,0.0,0.0,0.0,710.43,0.0,844.16,1234.68,14.85,0.0,0.0,108.08,1432.7,0.0,0.0,0.0,0.0,0.0,0.0,25224.17,12052.93,0.0,0.0,0.0,0.0,1404.7,366.07,0.0,131.95,0.0,0.0,0.0,1452.82,108.4,1429.94,0.0,230.17,0.0,0.0,0.0,0.0,0.0,0.0,0.0,0.0,0.0,16.51,351.0,0.0,0.0,1482.01,9088.51,57.63,17.51
23,169.77,69.89,218.46,665.47,159.34,0.0,0.0,0.0,0.0,0.0,0.0,0.0,134.79,133.02,0.0,0.0,0.0,0.0,0.0,0.0,0.0,0.0,0.0,0.0,0.0,0.0,54.34,100.38,2.25,14.8,0.0,0.0,0.0,0.0,0.0,0.0,0.0,0.0,0.0,77.44,14.05,0.54,0.0,0.0,0.0,372.69,0.0,0.0,579.23,0.0,0.0,0.0,655.98,204.95,0.0,0.0,0.0,0.0,0.0,0.0,673.81,1195.18,803.49,0.0,0.0,0.0,0.0,418.67,466.56,166.56,0.0,124.71,0.0,0.0,96.35,4.27,79.32,0.0,0.0,0.0,0.0,0.0,0.0,0.0,0.0,0.0,14.68,0.0,10.09,18.26,830.48,321.65,1366.25,146.73,0.0,0.0
24,917.22,46.73,3276.37,4413.24,375.39,0.0,0.0,411.0,415.25,18.47,0.0,36.79,44.29,0.0,0.0,0.0,0.0,0.0,0.0,0.0,363.91,228.23,0.0,0.0,0.0,0.0,0.0,0.0,16.44,30.48,0.0,0.0,0.0,297.92,215.13,0.0,0.0,0.0,0.0,0.0,0.0,0.0,0.0,0.0,0.0,0.0,0.0,0.0,0.0,0.0,0.0,0.0,166.5,6.5,0.0,0.0,0.0,0.0,0.0,0.0,125.19,422.57,180.15,0.0,0.0,0.0,0.0,0.0,223.62,427.81,496.69,3323.15,0.0,0.0,0.0,0.0,0.0,0.0,199.31,0.0,0.0,0.0,0.0,50.71,0.0,0.0,0.0,0.0,18.42,94.6,3113.67,6005.66,5879.57,2385.59,5845.0,0.0
25,43.62,11.0,20.41,123.42,36.29,0.0,0.0,0.0,0.0,0.0,0.0,0.0,0.0,0.0,24.67,16.03,0.0,0.0,0.0,0.0,0.0,0.0,0.0,0.0,0.95,11.77,26.92,28.14,22.95,27.2,0.0,9.78,0.0,0.0,0.0,0.0,0.0,0.0,0.0,0.0,16.4,2.07,16.86,0.0,0.0,0.0,0.0,0.0,2.38,7.07,0.0,0.0,4.25,4.9,13.9,0.0,0.0,0.0,0.0,0.0,0.0,0.0,0.0,0.0,0.0,0.0,0.0,7.47,0.0,0.0,0.0,14.53,4.12,3.64,38.48,34.8,27.81,0.0,0.0,0.0,0.0,0.0,0.0,6.17,0.0,0.0,0.0,0.0,13.38,7.4,0.0,0.0,48.68,20.72,0.0,0.0
26,300.05,181.82,100.74,309.94,200.66,0.0,0.0,221.95,39.05,0.0,0.0,0.0,0.0,0.0,0.0,9.63,0.0,0.0,0.0,0.0,29.29,0.0,0.0,0.0,7.5,6.46,10.08,9.81,0.0,0.0,0.0,0.0,0.0,0.0,0.0,0.0,0.0,0.0,0.0,0.0,0.0,0.0,31.73,0.0,0.0,0.0,0.0,0.0,23.18,77.96,0.0,0.0,12.61,27.52,88.26,0.0,0.0,0.0,0.0,0.0,0.0,0.0,215.85,0.0,0.0,0.0,0.0,138.84,211.78,112.4,68.06,114.16,0.0,0.0,21.2,15.05,0.0,0.0,0.0,0.0,0.0,0.0,0.0,25.08,0.0,0.0,0.0,0.0,0.0,0.0,4.84,109.28,289.06,1441.93,33.9,0.0
27,37.4,14.03,0.0,3.84,0.0,0.0,0.0,0.0,0.0,0.0,0.0,0.0,0.0,0.0,0.0,14.83,0.0,0.0,0.0,6.38,0.0,0.0,0.0,0.0,8.88,48.49,17.34,13.35,9.49,9.73,5.77,0.0,5.19,0.0,0.0,0.0,0.0,0.0,0.0,0.0,15.78,15.68,0.0,0.0,11.17,0.0,6.49,0.0,25.67,8.79,0.0,0.0,0.0,0.0,0.0,0.0,0.0,0.0,5.34,0.0,0.0,30.91,6.73,0.0,0.0,0.0,0.0,15.03,0.0,0.0,0.0,0.0,13.24,12.03,18.49,0.0,15.36,0.0,15.65,0.0,0.0,0.0,0.0,0.0,0.0,0.0,0.0,0.0,22.62,18.57,0.0,0.0,12.32,50.93,0.0,0.0
28,77.84,43.15,67.16,88.09,81.0,0.0,0.0,0.0,0.0,0.0,0.0,0.0,0.0,0.0,42.94,28.89,0.0,0.0,0.0,0.0,0.0,0.0,0.0,0.0,0.0,0.0,49.66,58.55,58.24,69.02,0.0,70.13,0.0,0.0,0.0,0.0,0.0,0.0,0.0,0.0,26.98,14.48,84.46,0.0,0.0,0.0,0.0,0.0,0.0,28.81,0.0,0.0,0.0,0.0,79.28,0.0,0.0,0.0,0.0,0.0,0.0,0.0,0.0,0.0,0.0,0.0,0.0,41.85,20.02,13.18,21.53,0.0,0.0,0.0,89.08,82.27,85.83,0.0,32.87,0.0,0.0,0.0,0.0,69.84,0.0,0.0,0.0,0.0,54.47,52.49,0.0,31.5,70.97,90.19,55.37,0.0
29,47.39,29.53,10.34,17.25,26.93,0.0,0.0,0.0,0.0,0.0,0.0,0.0,0.0,9.16,5.76,2.6,0.0,0.0,0.0,0.0,0.0,0.0,0.0,0.0,5.55,9.4,13.36,26.2,0.0,0.0,6.22,0.0,5.91,0.0,0.0,0.0,0.0,0.0,0.0,0.0,21.0,6.82,0.0,0.0,0.0,0.0,0.0,0.0,0.0,21.76,0.0,0.0,9.18,17.71,27.83,0.0,0.0,0.0,0.0,0.0,25.84,667.07,222.09,0.0,0.0,0.0,0.0,31.56,17.5,6.95,0.0,0.0,0.0,0.0,0.0,0.0,9.31,11.86,23.26,0.0,0.0,0.0,0.0,0.0,0.0,0.0,0.0,0.0,0.0,0.0,0.0,0.0,23.23,29.23,0.0,0.0
30,260.22,0.0,1086.0,2938.44,351.97,0.0,0.0,0.0,0.0,0.0,0.0,198.2,684.39,323.91,0.0,0.0,0.0,0.0,0.0,0.0,0.0,0.0,0.0,0.0,0.0,0.0,149.32,121.01,12.1,106.33,0.0,0.0,0.0,0.0,0.0,0.0,0.0,0.0,0.0,0.0,42.87,0.72,0.0,0.0,0.0,338.03,0.0,0.0,0.0,0.0,0.0,0.0,1990.32,1926.86,0.0,0.0,0.0,0.0,0.0,0.0,1793.79,3599.94,0.0,0.0,0.0,0.0,0.0,0.0,565.1,221.66,0.0,1536.08,0.0,0.0,125.51,21.02,106.35,0.0,0.0,0.0,0.0,0.0,0.0,0.0,0.0,0.0,52.7,0.0,2.5,48.38,2433.22,1608.54,4832.17,7660.87,0.0,0.0
31,11.07,7.38,5.29,23.08,6.78,0.0,0.0,0.0,0.0,0.0,0.0,0.0,0.0,0.0,0.0,0.0,0.0,0.0,0.0,0.0,0.0,0.0,0.0,0.0,76.14,752.11,0.39,0.82,1.01,3.5,0.81,0.0,0.65,0.0,0.0,0.0,0.0,0.0,0.0,0.0,0.86,0.37,0.86,0.0,0.0,0.0,0.0,0.0,0.0,0.0,0.0,0.0,0.0,0.0,0.0,0.0,0.0,0.0,0.0,0.35,54.89,65.77,40.7,0.0,0.0,0.0,0.0,0.0,14.61,0.0,0.0,0.0,1.07,0.27,2.13,1.33,2.13,1.36,0.0,0.0,0.0,0.0,0.0,0.0,0.0,14.53,0.0,0.0,0.17,0.63,0.0,0.0,0.0,0.0,0.0,0.0
32,125.91,5.69,2.67,152.44,44.06,0.0,0.0,0.0,0.0,0.0,0.0,0.0,0.0,0.0,0.0,0.0,0.0,0.0,0.0,0.0,0.0,0.0,0.0,0.0,0.0,0.0,0.71,9.29,0.28,23.56,0.0,0.0,8.56,0.0,0.0,0.0,0.0,0.0,0.0,0.0,24.47,0.51,13.97,0.0,0.0,0.0,0.0,0.0,0.0,0.0,0.0,0.0,1.52,0.0,0.0,0.0,0.0,0.0,0.0,0.0,0.0,0.0,0.0,0.0,0.0,0.0,0.0,75.75,14.46,0.0,0.0,0.0,1.83,3.39,21.44,12.84,17.35,5.22,0.0,0.0,0.0,0.0,0.0,11.42,0.0,0.0,0.0,0.0,12.25,50.62,2.01,0.0,198.49,398.62,172.33,0.0
33,30.57,12.3,25.42,242.56,26.98,0.0,0.0,0.0,0.0,0.0,0.0,0.0,19.0,29.5,0.0,0.0,0.0,0.0,0.0,0.0,0.0,0.0,0.0,0.0,0.0,0.0,8.25,4.31,27.99,13.87,17.6,0.0,0.04,0.0,0.0,0.0,0.0,0.0,0.0,0.0,0.02,0.08,0.0,0.0,0.0,39.58,0.0,0.0,0.0,0.0,0.0,0.0,0.0,0.0,0.0,0.0,0.0,0.0,0.0,0.0,39.13,55.08,57.93,0.0,0.0,0.0,0.0,0.0,16.08,27.38,0.0,14.02,0.0,0.0,0.09,0.0,0.0,0.32,0.19,0.0,0.0,0.0,0.0,0.0,0.0,0.0,0.0,0.0,0.34,0.34,0.0,0.0,60.42,0.0,8.57,0.0
34,376.69,81.68,16.46,256.94,61.65,19.25,0.0,0.0,0.0,0.0,0.0,0.0,0.0,0.0,0.0,0.0,0.0,0.0,0.0,0.0,0.0,0.0,0.0,0.0,46.64,7.26,3.52,2.61,3.57,22.19,0.0,0.0,0.0,0.0,0.0,0.0,0.0,0.0,0.0,0.0,23.17,21.34,0.0,0.0,0.0,0.0,0.0,0.0,0.0,0.0,0.0,0.0,0.0,0.0,0.0,0.0,0.0,0.0,0.0,0.0,23.99,102.38,234.79,0.0,0.0,0.0,0.0,0.0,0.0,0.0,8.88,0.0,1.89,31.61,43.33,45.23,93.06,0.0,4.68,0.0,0.0,0.0,0.0,0.0,0.0,0.0,0.0,0.0,0.04,8.76,0.0,0.0,1156.52,1471.93,1.82,0.0
35,0.0,0.0,42.47,50.08,42.27,0.0,0.0,0.0,0.0,0.0,0.0,0.0,0.0,0.0,0.0,0.0,0.0,0.0,0.0,0.0,0.0,0.0,0.0,0.0,650.08,1207.8,0.83,14.94,3.34,4.23,1.95,0.0,5.17,0.0,0.0,0.0,0.0,6.55,2.09,0.0,14.27,4.89,6.08,0.0,0.0,0.0,0.0,0.0,0.0,0.0,0.0,0.0,0.0,0.0,0.0,0.0,0.0,2.36,20.43,13.02,0.0,0.0,0.0,0.0,0.0,0.0,0.0,0.0,0.0,0.0,20.83,0.8,1.93,3.09,7.59,0.0,0.0,21.44,0.0,0.0,0.0,0.0,0.0,0.0,0.0,0.0,0.0,0.0,19.2,19.2,0.0,0.0,29.85,0.0,20.63,0.0
36,18.21,5.02,32.65,8.22,0.5,0.03,0.0,0.0,0.0,0.0,0.0,0.0,0.0,0.49,0.9,0.0,0.0,0.0,0.0,0.14,0.71,0.86,0.03,0.0,0.05,0.08,0.0,0.0,0.0,0.0,0.0,0.0,0.0,0.07,0.09,0.0,0.0,0.0,0.0,0.0,0.0,0.0,0.0,0.0,0.0,0.0,0.0,0.0,0.0,0.0,0.0,0.0,7.98,0.0,0.0,0.0,0.0,15.06,0.04,0.0,0.0,0.0,0.0,0.0,0.0,0.0,0.0,0.0,0.0,0.0,2.29,0.0,0.0,0.0,0.0,0.0,0.0,0.11,0.0,0.86,0.26,0.0,0.0,0.0,0.0,0.0,0.0,0.0,0.08,0.15,0.9,16.48,13.9,0.0,0.53,0.0
37,311.41,8.49,7.43,264.81,4.27,0.76,0.0,0.0,0.0,0.0,0.0,0.0,0.0,0.0,0.0,0.0,0.0,0.0,0.0,0.0,0.0,0.0,0.0,0.0,1.33,2.51,4.57,1.36,0.15,7.41,0.0,0.0,0.0,0.0,0.0,0.0,0.0,0.0,0.0,0.0,0.0,0.0,0.0,0.0,0.0,0.0,0.0,0.0,0.0,0.0,0.0,0.0,0.0,0.0,0.0,0.0,0.0,0.0,0.0,0.0,147.88,207.26,297.03,0.0,0.0,0.0,0.0,0.0,0.0,0.0,5.82,0.0,6.89,30.35,35.13,43.01,81.15,53.07,3.91,0.0,0.0,0.0,0.0,0.0,0.0,0.0,0.0,0.0,0.24,11.97,0.0,0.0,4655.11,2715.48,0.43,0.0
38,129.86,0.96,150.23,294.49,220.3,0.0,0.0,0.0,0.0,0.0,0.0,0.0,176.86,201.79,1.79,3.92,0.0,0.0,0.0,0.0,0.0,0.0,0.0,0.0,1.96,1.38,72.72,190.19,0.17,114.71,0.0,0.0,0.0,0.0,0.0,0.0,0.0,0.0,0.0,0.0,0.0,0.0,0.0,0.0,0.0,0.0,0.0,0.0,0.0,0.0,0.0,0.0,0.0,0.0,0.0,0.0,0.0,0.0,0.0,0.0,99.43,414.75,146.85,0.0,0.0,0.0,0.0,0.0,254.97,224.04,0.0,216.37,0.0,1.25,0.0,301.1,1.82,0.0,746.72,0.0,0.0,0.0,0.0,0.0,0.0,0.0,0.0,0.0,0.0,0.0,0.0,257.7,113.81,0.0,241.47,0.0
39,119.88,71.3,1.87,7.79,1.23,0.0,0.0,0.0,0.0,0.0,0.0,0.0,0.0,0.0,0.0,5.98,0.0,0.0,0.0,0.0,0.0,0.0,0.0,0.0,18.88,0.99,1.32,1.02,0.0,0.0,0.0,1.36,0.0,0.0,0.0,0.0,0.0,0.0,0.0,0.0,0.0,0.0,2.12,0.0,0.0,0.0,0.0,0.0,0.0,5.45,0.0,0.0,0.0,0.0,0.0,0.0,0.0,0.0,6.17,0.0,0.0,0.0,0.0,0.0,0.0,0.0,0.0,193.26,48.01,0.0,4.87,0.0,14.02,0.0,0.0,2.2,7.21,0.0,0.04,0.0,0.0,0.0,104.55,0.0,0.0,37.48,0.0,0.0,0.62,2.46,0.0,0.0,9.87,10.39,1.58,0.0
40,14.62,11.23,3.27,6.91,3.25,0.0,0.0,5.18,2.11,0.0,0.0,0.0,0.06,0.07,0.0,0.0,0.0,0.0,0.0,0.0,1.01,0.15,0.0,0.0,0.0,0.0,0.0,0.0,0.0,0.0,0.0,8.84,0.0,0.1,0.21,0.0,0.0,0.0,0.0,0.0,0.0,0.0,0.53,0.0,0.0,0.0,0.0,0.0,0.0,0.0,0.0,0.0,0.0,0.03,0.75,0.0,0.0,0.0,0.0,0.0,0.0,0.0,0.0,0.0,0.0,0.0,0.0,0.2,0.0,0.0,5.86,6.58,0.0,0.0,3.48,0.0,0.4,0.0,0.0,0.0,0.0,0.0,0.0,0.75,0.0,0.0,0.0,0.0,12.34,7.73,0.0,0.0,16.08,13.86,6.37,0.0
41,12.98,3.29,7.19,79.23,8.92,0.0,0.0,0.0,0.0,0.0,0.0,0.0,3.23,4.14,0.0,0.0,0.0,0.0,0.0,0.0,0.0,0.0,0.0,0.0,10.87,5.3,1.07,2.51,4.97,7.02,0.0,0.0,0.0,0.0,0.0,0.0,0.0,0.0,0.0,0.0,0.0,0.0,9.77,0.0,0.0,0.0,0.0,0.0,0.0,0.0,0.0,0.0,0.0,0.0,0.0,0.0,0.0,0.0,0.0,0.0,0.0,15.91,24.47,0.0,0.0,0.0,0.0,0.0,0.0,0.0,0.0,0.0,0.0,0.0,0.0,1.59,2.49,4.91,15.62,7.74,6.56,0.0,0.0,0.0,0.0,0.0,0.0,0.0,27.27,14.94,0.0,0.0,79.63,81.25,13.59,0.0
42,199.93,481.38,236.36,423.7,392.86,141.34,0.0,0.0,0.0,0.0,0.0,0.0,0.0,0.0,0.0,0.0,0.0,0.0,0.0,0.0,0.0,0.0,0.0,0.0,22.25,12.66,0.0,0.0,11.85,500.38,0.0,0.0,0.0,0.0,0.0,0.0,0.0,0.0,0.0,0.0,0.0,0.0,7.48,0.0,19.2,136.99,0.0,0.0,0.0,0.0,0.0,0.0,0.0,0.0,0.0,0.0,0.0,0.0,0.0,0.0,0.0,960.08,19.1,0.0,0.0,0.0,0.0,98.65,563.03,263.82,0.0,70.41,21.15,0.0,48.13,0.0,0.0,0.0,96.07,0.0,0.0,0.0,0.0,0.0,0.0,0.0,0.0,0.0,134.86,1198.35,0.0,0.0,385.54,432.65,381.12,0.0
43,116.11,18.67,19.76,89.76,25.32,0.0,0.0,0.0,0.0,0.0,0.0,0.0,0.0,4.37,0.0,0.0,0.0,0.0,0.0,0.0,52.33,0.0,0.0,0.0,14.0,26.85,0.0,0.0,0.0,0.0,0.0,0.0,0.0,0.0,0.0,0.0,0.0,0.0,0.0,0.0,0.0,0.0,25.87,0.0,0.0,0.0,0.0,0.0,0.0,10.0,0.0,0.0,0.0,0.0,0.0,0.0,0.0,0.0,0.0,0.0,0.0,93.06,139.81,0.0,0.0,0.0,0.0,106.79,12.6,13.37,0.0,0.0,9.75,3.95,3.14,2.69,16.85,0.0,16.98,0.0,0.0,0.0,0.0,0.0,0.0,0.0,0.0,0.0,18.92,23.02,0.0,0.0,55.81,60.9,21.24,0.0
44,343.16,69.15,278.62,12.83,14.75,0.0,0.0,9.69,0.0,0.0,0.0,0.0,9.53,0.0,0.0,0.0,0.0,0.0,0.0,0.0,0.0,0.0,0.0,0.0,0.0,0.0,12.84,5.65,0.0,0.0,0.0,0.0,0.0,0.0,0.0,0.0,0.0,0.0,0.0,0.0,0.0,0.0,0.0,0.0,0.0,0.0,0.0,0.0,0.0,0.0,0.0,0.0,6.55,37.76,55.28,0.0,0.0,0.0,0.0,0.0,15.17,5.56,10.38,0.0,0.0,0.0,0.0,0.0,0.0,0.0,168.94,17.0,0.0,0.0,4.58,0.0,15.67,0.0,0.59,0.0,0.0,0.0,0.0,15.74,0.0,0.0,0.0,0.0,0.04,0.09,18.48,177.21,571.48,284.32,0.0,0.0
45,45.6,7.55,24.72,95.5,101.46,0.0,0.0,0.0,0.0,0.0,0.0,0.0,0.0,0.0,0.0,0.0,0.0,0.0,0.0,0.0,0.0,0.0,0.0,0.0,5.24,38.96,0.0,0.0,12.88,5.56,0.0,0.0,0.0,0.0,0.0,0.0,0.0,0.0,0.0,0.0,0.0,0.0,94.91,0.0,0.0,0.0,0.0,0.0,0.0,0.0,0.0,0.0,0.0,7.28,7.32,0.0,0.0,0.0,0.0,0.0,0.0,22.24,18.67,0.0,0.0,0.0,0.0,26.53,11.12,0.0,0.0,0.0,22.51,8.9,59.02,71.54,0.0,0.0,0.0,0.0,0.0,0.0,0.0,0.0,0.0,0.0,0.0,0.0,11.71,4.38,0.0,0.0,88.67,101.91,19.03,0.0
46,37.26,4.46,2.13,22.85,0.37,0.0,0.0,0.0,0.0,0.0,0.0,0.0,0.0,0.0,0.0,0.0,0.0,0.0,0.0,0.0,0.0,0.0,0.0,0.0,0.0,0.0,0.52,1.19,1.71,4.67,0.0,0.0,0.0,0.0,0.0,0.0,0.0,1.53,0.0,0.0,0.0,0.0,2.98,0.0,0.0,0.0,0.0,0.0,0.0,0.0,0.0,0.0,0.0,0.0,0.0,0.0,0.0,0.0,0.0,0.0,0.0,74.8,143.69,0.0,0.0,0.0,0.0,19.83,0.0,0.0,0.0,0.0,0.0,0.0,6.32,10.57,10.0,0.0,4.26,0.0,0.0,0.0,0.0,0.0,0.0,10.3,0.0,0.0,0.89,2.29,0.0,0.0,581.9,1839.36,0.33,0.0
47,20.79,15.0,11.66,15.77,11.93,0.0,0.0,0.0,2.85,0.0,0.0,0.0,0.0,0.0,0.0,0.0,0.0,0.0,0.0,0.0,0.0,0.0,0.0,0.0,2.21,3.58,0.0,0.0,0.0,0.0,0.0,12.34,0.0,0.0,0.0,0.0,0.0,0.0,0.0,0.0,0.0,0.0,4.02,0.0,0.0,0.0,0.0,0.0,0.0,3.65,0.0,0.0,0.0,0.0,0.0,0.0,0.0,0.0,0.0,0.0,0.0,0.0,0.0,0.0,0.0,0.0,0.0,4.81,0.0,0.0,2.52,1.88,2.01,2.73,2.35,0.0,2.86,0.0,1.87,0.0,0.0,0.0,0.0,0.0,0.0,0.0,0.0,0.0,3.1,1.93,0.0,0.0,7.58,13.72,0.0,0.0
48,196.19,27.75,39.73,118.91,71.14,0.0,0.0,0.0,0.0,0.0,0.0,0.0,0.0,0.0,0.0,0.0,0.0,0.0,0.0,0.0,0.0,0.0,0.0,0.0,0.0,0.0,3.68,0.0,0.0,7.38,0.0,0.0,1.77,0.0,0.0,0.0,0.0,0.0,0.0,0.0,0.0,0.0,0.0,0.0,0.0,0.0,0.0,0.0,0.0,0.0,0.0,0.0,0.0,0.0,0.0,0.0,0.0,0.0,0.0,0.0,0.0,126.77,138.16,0.0,0.0,0.0,0.0,250.69,274.96,114.57,0.0,0.0,5.59,7.06,0.0,12.4,9.49,0.0,2.23,0.0,0.0,0.0,0.0,0.0,0.0,0.0,0.0,0.0,4.76,27.73,0.0,0.0,256.93,266.42,9.32,0.0
49,76.33,0.32,0.86,2.58,0.72,0.0,0.0,1.12,3.53,0.0,0.0,0.0,0.0,0.0,0.0,0.0,0.0,0.0,0.0,0.0,0.0,0.0,0.0,0.0,3.71,0.29,0.0,0.0,6.33,0.29,0.0,0.0,0.0,0.0,0.0,0.0,0.0,0.0,0.0,0.0,0.0,0.0,15.52,0.0,0.0,9.26,0.0,0.0,10.63,7.45,0.0,0.0,0.0,0.0,26.76,0.0,0.0,0.0,0.0,0.0,0.0,0.0,0.0,0.0,0.0,0.0,0.0,9.01,4.78,0.0,0.0,0.0,0.0,0.0,7.02,0.0,0.0,0.0,0.0,0.0,0.0,0.0,0.0,0.0,0.0,0.0,0.0,0.0,3.15,0.82,0.0,0.0,148.6,147.83,0.0,0.0
50,0.87,1.69,1.06,9.92,1.13,0.0,0.0,0.0,0.0,0.0,0.0,0.0,0.0,0.0,0.0,0.0,0.0,0.0,0.0,1.51,0.0,0.0,0.0,0.0,1.1,8.22,0.0,0.0,1.0,0.23,0.0,1.02,0.0,0.0,0.0,0.0,0.0,0.0,0.0,0.0,0.0,0.0,0.0,0.0,0.0,0.0,0.0,0.0,0.0,0.0,0.0,0.0,0.0,0.0,0.0,0.0,0.0,0.0,0.0,0.0,0.0,0.0,0.0,0.0,0.0,0.0,0.0,0.0,0.0,0.0,0.0,0.0,1.21,1.0,1.13,0.76,1.58,1.81,6.38,0.0,0.0,0.0,0.0,0.0,0.0,0.0,0.0,0.0,9.97,2.65,0.0,0.0,12.27,64.6,9.88,0.0
51,159.72,0.0,0.0,8.55,0.0,0.0,0.0,0.0,0.0,0.0,0.0,0.0,0.0,0.0,0.0,0.0,0.0,0.0,0.0,0.0,0.0,0.0,0.0,0.0,20.44,11.35,11.93,14.42,0.0,0.0,0.0,0.0,0.0,0.0,0.0,0.0,0.0,21.41,22.11,0.0,9.29,13.75,8.07,0.0,34.4,0.0,0.0,0.0,0.0,0.0,0.0,0.0,0.0,0.0,0.0,0.0,0.0,0.0,459.45,8.29,0.0,0.0,0.0,0.0,0.0,0.0,0.0,0.0,38.73,0.0,0.0,0.0,32.87,171.56,183.97,4.23,20.0,0.0,0.0,0.0,0.0,0.0,0.0,0.0,0.0,236.16,0.0,0.0,0.0,0.0,0.0,0.0,661.5,0.0,0.0,0.0
52,5.51,9.18,5.12,20.03,15.17,0.0,0.0,0.0,0.0,0.0,0.0,0.0,0.0,0.0,0.0,0.0,0.0,0.0,0.0,0.0,0.0,0.0,0.0,0.0,1.67,1.24,0.46,1.24,0.27,0.15,0.0,5.15,0.0,0.0,0.0,0.0,0.0,0.0,0.0,0.0,0.0,0.0,3.42,0.0,0.0,0.04,0.0,0.0,0.03,1.99,0.0,0.0,0.0,0.0,0.0,0.0,0.0,0.0,0.0,0.0,0.0,0.0,0.0,0.0,0.0,0.0,0.0,2.64,0.0,0.0,0.0,0.0,0.0,0.0,0.0,0.0,0.0,0.0,3.37,0.0,0.0,0.0,0.0,0.0,0.0,0.0,0.0,0.0,0.75,0.62,0.0,0.0,1.63,278.89,0.0,0.0
53,76.06,36.0,50.44,119.11,23.0,0.0,0.0,54.37,42.98,0.0,0.0,0.0,0.0,0.0,0.0,0.0,0.0,0.0,0.0,0.0,4.41,2.91,0.0,0.0,0.0,0.0,0.0,0.0,0.0,0.0,0.0,0.0,0.0,0.0,0.0,0.0,0.0,0.0,0.0,0.0,0.0,0.0,0.0,0.0,0.0,0.0,0.0,0.0,0.0,4.39,0.0,0.0,0.0,0.0,0.0,0.0,0.0,0.0,0.0,0.0,0.0,0.0,0.0,0.0,0.0,0.0,0.0,4.29,0.0,0.0,100.06,114.16,0.0,0.0,0.0,0.0,0.0,0.0,22.19,0.0,0.0,0.0,0.0,0.0,0.0,0.0,0.0,0.0,27.82,14.91,47.52,81.89,170.16,178.97,21.35,0.0
54,5.83,4.29,9.72,80.4,50.93,0.0,0.0,0.0,0.0,0.0,0.0,0.0,0.0,0.0,0.0,0.0,0.0,0.0,0.0,0.0,0.0,0.0,0.0,0.0,0.0,0.0,0.0,0.0,60.11,1.81,0.0,0.0,0.0,0.0,0.0,0.0,0.0,0.0,0.0,0.0,0.0,0.0,17.85,0.0,0.0,0.0,0.0,0.0,0.0,0.0,0.0,0.0,0.0,0.0,0.0,0.0,0.0,0.0,0.0,0.0,0.0,15.77,8.18,0.0,0.0,0.0,0.0,71.05,14.87,0.0,0.0,0.0,0.0,4.49,3.99,3.77,3.44,0.0,0.0,0.0,0.0,0.0,0.0,0.0,0.0,0.0,0.0,0.0,8.59,2.3,0.0,0.0,87.5,90.48,27.25,0.0
55,5.52,5.8,1095.56,1622.98,1492.5,0.0,0.0,1744.82,0.0,0.0,0.0,0.0,0.0,593.34,653.06,0.0,0.0,0.0,0.0,539.61,0.0,0.0,0.0,0.0,0.0,0.0,0.0,0.0,0.0,0.0,0.0,5.01,0.0,0.0,0.0,0.0,0.0,0.0,0.0,0.0,0.0,0.0,2.11,0.0,0.0,0.0,0.0,0.0,1.54,6.75,0.0,0.0,0.0,0.0,0.0,0.0,0.0,0.0,0.0,0.0,0.0,0.0,0.0,0.0,0.0,0.0,0.0,0.0,0.0,0.0,318.24,0.0,0.0,0.0,0.0,0.0,0.0,0.0,0.0,0.0,0.0,0.0,0.0,0.0,0.0,0.0,0.0,0.0,350.69,741.68,1483.88,1974.19,2665.38,7.86,1086.93,0.0
56,17.48,6.17,0.92,2.1,0.08,0.0,0.0,20.54,0.0,0.0,0.0,0.0,0.0,11.78,0.0,0.0,0.0,0.0,0.0,0.0,0.0,0.0,0.0,0.0,1.08,4.57,1.16,0.0,0.0,0.0,0.0,4.22,0.0,0.0,0.0,0.0,0.0,0.0,0.0,0.0,0.0,0.0,3.26,0.0,0.0,0.0,0.0,0.0,16.01,0.0,0.0,0.0,0.0,0.0,0.0,0.0,0.0,0.0,0.0,0.0,1.43,0.0,0.0,0.0,0.0,0.0,0.0,3.47,0.0,0.0,0.0,0.0,0.0,0.0,0.0,0.0,0.98,0.0,2.37,0.0,0.0,0.0,0.0,0.0,0.0,0.0,0.0,0.0,5.63,3.98,0.0,0.0,6.51,12.21,0.0,0.0
57,17.17,17.81,14.78,18.67,2.54,0.0,0.0,0.0,2.72,0.0,0.0,0.0,0.0,0.0,0.0,2.03,0.0,0.0,0.0,0.0,0.0,0.0,0.0,0.0,2.0,4.25,0.0,0.0,0.0,0.0,0.0,4.1,0.0,0.0,0.0,0.0,0.0,0.0,0.0,0.0,0.0,0.0,4.52,0.0,0.0,0.0,0.0,0.0,0.0,3.94,0.0,0.0,0.0,0.0,0.0,0.0,0.0,0.0,0.0,0.0,0.0,0.0,0.0,0.0,0.0,0.0,0.0,4.07,0.0,0.0,3.2,0.0,0.0,0.0,2.61,0.0,3.55,0.0,2.9,0.0,0.0,0.0,0.0,0.0,0.0,0.0,0.0,0.0,2.53,2.12,0.0,0.0,14.64,19.52,0.0,0.0
58,277.02,14.21,27.03,357.18,52.85,0.0,0.0,0.0,0.0,0.0,0.0,0.0,0.0,0.0,0.0,0.0,0.0,0.0,0.0,0.0,0.0,0.0,0.0,0.0,0.0,0.0,0.0,0.0,0.0,0.0,0.0,5.54,0.0,0.0,0.0,0.0,0.0,0.0,0.0,0.0,0.0,0.0,0.0,0.0,0.0,0.0,0.0,0.0,0.0,0.0,0.0,0.0,0.0,0.0,22.64,0.0,0.0,0.0,0.0,0.0,0.0,13.36,112.37,0.0,0.0,0.0,0.0,275.83,251.64,180.16,0.0,0.0,0.0,0.0,113.66,24.31,129.4,0.0,0.0,0.0,0.0,0.0,0.0,35.25,0.0,0.0,0.0,0.0,3.59,3.27,0.0,0.0,430.23,440.22,32.34,0.0
59,0.0,0.0,2.9,3.1,3.49,1.88,0.0,0.0,0.0,0.0,0.0,0.0,0.0,3.39,7.44,3.5,0.73,0.0,0.0,0.0,1.07,1.4,0.0,0.0,0.66,0.53,0.0,0.0,0.0,0.0,0.72,0.0,0.0,0.96,1.01,0.0,0.0,0.0,0.0,0.0,0.0,0.0,348.91,0.0,0.0,0.0,0.0,0.0,6.75,4.86,0.0,0.0,0.0,0.0,0.0,0.0,0.0,0.0,0.0,0.0,0.0,0.0,0.0,0.0,0.0,0.0,0.0,0.0,0.0,0.0,1.56,0.0,0.0,0.0,0.0,0.0,0.0,0.0,0.0,0.0,0.0,0.0,0.0,0.0,0.0,0.0,0.0,0.0,0.0,0.0,0.52,0.0,0.0,0.0,1.58,0.0
60,0.15,0.0,2.23,17.96,0.0,0.0,0.0,0.0,0.0,0.0,0.0,0.0,0.0,0.0,0.0,0.0,0.0,0.0,0.0,0.0,0.0,0.0,0.0,0.0,5.39,13.03,0.52,1.31,0.28,1.93,0.35,0.0,1.72,0.0,0.0,0.0,0.0,1.06,0.0,0.0,5.18,0.99,0.0,0.0,0.0,0.0,0.0,0.0,0.0,0.0,0.0,0.0,0.0,0.0,0.0,0.0,0.0,0.0,0.0,0.0,0.0,0.0,0.0,0.0,0.0,0.0,0.0,0.0,0.0,0.0,0.0,0.0,5.35,0.95,1.19,1.14,1.2,0.0,0.0,0.0,0.0,0.0,0.0,0.0,0.0,0.0,0.0,0.0,0.24,1.34,0.0,0.0,0.0,0.0,0.0,0.0
61,51.27,14.39,8.81,12.16,0.0,0.0,0.0,0.0,0.0,0.0,0.0,0.0,0.0,0.0,0.15,5.08,0.0,0.0,0.0,0.0,0.0,0.0,0.0,0.0,1.65,4.06,0.0,0.0,0.0,0.0,0.0,0.0,0.0,0.0,0.0,0.0,0.0,0.0,0.0,0.0,0.0,0.0,0.0,0.0,0.0,0.0,0.0,0.0,5.18,7.99,0.0,0.0,0.0,0.0,0.0,0.0,0.0,0.0,0.0,0.0,0.0,0.0,6.08,0.0,0.0,0.0,0.0,0.0,0.0,0.0,0.03,0.0,0.0,0.0,0.0,0.0,0.0,0.0,8.29,0.0,0.0,0.0,0.0,4.3,0.0,0.0,0.0,0.0,7.24,5.23,3.23,242.62,240.62,153.3,6.73,0.0
62,9.75,4.97,4.33,2.22,1.29,0.71,0.0,0.0,0.0,0.0,0.0,0.0,0.0,0.0,0.0,0.0,0.0,0.0,0.0,0.0,0.0,0.0,0.0,0.0,1.0,3.26,0.0,0.0,0.0,0.0,0.0,6.98,0.0,0.0,0.0,0.0,0.0,0.0,0.0,0.0,0.0,0.0,0.0,0.0,621.61,46.36,0.0,0.0,0.0,7.21,0.0,0.0,0.0,0.0,0.0,0.0,0.0,0.0,0.0,0.0,0.0,0.0,2.86,0.0,0.0,0.0,0.0,6.69,0.0,0.0,0.0,0.0,0.0,0.0,0.0,0.0,0.0,0.0,3.31,0.0,0.0,0.0,0.0,0.0,0.0,0.0,0.0,0.0,5.48,1.37,0.0,207.97,15.11,5.72,0.0,0.0
63,17.37,18.01,6.38,11.77,0.0,0.0,0.0,0.0,0.0,0.0,0.0,0.0,0.0,0.0,0.0,0.0,0.0,0.0,0.0,4.31,0.0,0.0,0.0,0.0,3.75,7.1,0.0,0.0,0.0,0.0,0.0,3.67,0.0,0.0,0.0,0.0,0.0,0.0,0.0,0.0,0.0,0.0,0.0,0.0,0.5,0.0,0.0,0.0,0.0,9.37,0.0,0.0,0.0,0.0,0.0,0.0,0.0,0.0,0.0,0.0,0.0,8.45,8.3,0.0,0.0,0.0,0.0,8.59,0.0,0.0,0.0,0.0,0.0,0.0,0.0,0.0,0.0,0.0,12.79,0.0,0.0,0.0,0.0,5.58,0.0,0.0,0.0,0.0,7.93,4.67,0.0,0.0,120.58,243.06,12.49,0.0
64,187.86,40.76,10.12,38.22,41.48,0.0,0.0,0.0,0.0,0.0,0.0,0.0,0.0,0.0,0.0,0.0,0.0,0.0,0.0,0.0,0.0,0.0,0.0,0.0,6.63,23.23,0.0,0.0,0.0,0.0,0.0,0.0,0.0,0.0,0.0,0.0,0.0,0.0,0.0,0.0,0.0,0.0,0.0,0.0,0.0,0.0,0.0,0.0,0.0,0.0,0.0,0.0,0.0,0.0,0.0,0.0,0.0,0.0,0.0,0.0,6.2,18.19,45.77,0.0,0.0,0.0,0.0,0.0,0.0,0.0,14.97,0.0,3.89,15.9,40.47,29.89,150.39,0.0,0.0,0.0,0.0,0.0,0.0,0.0,0.0,0.0,0.0,0.0,10.09,9.44,0.0,0.0,195.08,197.9,0.0,0.0
65,7.69,4.65,0.03,2.38,0.0,0.0,0.0,0.0,0.0,0.0,0.0,0.0,0.0,0.0,0.0,1.36,0.0,0.0,0.0,0.0,0.0,0.0,0.0,0.0,0.55,2.68,0.0,0.0,0.0,0.0,0.0,0.0,0.0,0.0,0.0,0.0,0.0,0.0,0.0,0.0,0.0,0.0,0.0,0.0,0.0,0.0,0.0,0.0,0.04,0.0,0.0,0.0,0.0,0.0,3.51,0.0,0.0,0.0,0.0,0.0,0.0,2.72,2.35,0.0,0.0,0.0,0.0,0.0,0.0,0.0,0.0,2.85,0.0,0.0,0.0,0.0,0.0,0.0,4.04,5.21,34.38,0.0,0.0,0.0,0.0,0.0,0.0,0.0,2.61,3.44,0.0,0.0,3.75,12.08,2.13,0.0
66,5.73,2.09,0.0,13.97,5.21,0.0,0.0,0.0,0.0,0.0,0.0,0.0,0.0,0.0,0.0,0.0,0.0,0.0,0.0,0.0,0.0,0.0,0.0,0.0,2.93,3.01,2.84,2.46,0.0,0.0,0.0,3.86,0.0,0.0,0.0,0.0,0.0,0.0,0.0,0.0,0.0,0.0,3.93,0.0,0.0,0.0,0.0,0.0,0.0,1.3,0.0,0.0,0.0,0.0,0.0,0.0,0.0,2.01,2.24,0.0,0.0,0.0,0.0,0.0,0.0,0.0,0.0,3.11,0.0,0.0,0.0,0.0,0.0,0.69,0.0,0.0,0.0,0.0,4.29,0.0,0.0,0.0,0.0,0.0,0.0,0.0,0.0,0.0,1.76,2.18,0.0,0.0,16.78,18.26,0.0,0.0
67,20.25,13.49,6.81,14.58,8.5,0.0,0.0,0.0,0.0,0.0,0.0,0.0,0.0,0.0,0.0,0.0,0.0,0.0,0.0,0.0,0.0,0.0,0.0,0.0,13.8,10.43,8.1,10.26,0.0,0.0,0.0,101.69,4.58,0.0,0.0,0.0,0.0,0.0,0.0,0.0,0.0,0.0,0.0,0.0,0.0,0.0,0.0,0.0,7.82,13.6,0.0,0.0,0.0,0.0,0.0,0.0,0.0,0.0,0.0,0.0,0.0,0.0,0.0,0.0,0.0,0.0,0.0,0.0,0.0,0.0,0.0,0.0,0.0,0.0,0.0,0.0,0.0,0.0,13.02,0.0,0.0,0.0,0.0,0.0,0.0,0.0,0.0,0.0,14.09,10.24,0.0,0.0,66.12,14.19,10.03,0.0
68,25.09,8.7,4.23,23.15,0.11,0.0,0.0,3.17,6.11,0.0,0.0,0.0,0.0,0.0,0.0,2.71,0.0,0.0,0.0,0.0,0.0,0.0,0.0,0.0,2.21,5.07,0.0,0.0,0.0,0.0,0.0,0.0,0.0,0.0,0.0,0.0,0.0,0.0,0.0,0.0,0.0,0.0,0.0,0.0,0.0,0.0,0.0,0.0,0.0,0.0,0.0,0.0,0.0,0.0,0.0,0.0,0.0,0.0,0.0,0.0,0.0,69.13,2.9,0.0,0.0,0.0,0.0,0.0,0.0,0.0,7.68,0.0,0.0,0.0,0.0,0.0,0.0,0.0,6.94,0.0,0.0,0.0,0.0,0.0,0.0,0.0,0.0,0.0,4.66,2.02,0.0,0.0,120.76,79.18,0.0,0.0
69,42.01,6.6,48.31,18.17,4.09,0.0,0.0,0.0,3.5,0.0,0.0,0.0,0.0,0.0,0.0,0.0,0.0,0.0,0.0,0.0,0.0,0.0,0.0,0.0,1.4,5.21,0.0,0.0,0.0,0.0,0.0,0.0,0.0,0.0,0.0,0.0,0.0,0.0,0.0,0.0,0.0,0.0,0.0,0.0,0.0,0.0,0.0,0.0,0.0,0.0,0.0,0.0,0.0,0.0,0.0,0.0,0.0,0.0,0.0,0.0,0.0,6.41,4.9,0.0,0.0,0.0,0.0,29.72,0.0,0.0,3.43,0.0,0.0,0.0,0.0,0.0,0.0,0.0,18.72,0.0,0.0,0.0,0.0,0.0,0.0,0.0,0.0,0.0,2.96,3.91,0.0,0.0,49.73,15.12,16.64,0.0
70,99.48,73.5,113.76,98.67,110.29,0.0,0.0,0.0,0.0,0.0,0.0,0.0,0.0,0.0,0.0,0.0,0.0,0.0,0.0,0.0,0.0,0.0,0.0,0.0,0.0,0.0,39.36,69.17,0.0,0.0,0.0,21.28,0.0,0.0,0.0,0.0,0.0,0.0,0.0,0.0,0.0,0.0,35.77,0.0,0.0,0.0,0.0,0.0,0.0,0.0,0.0,0.0,0.0,0.0,79.36,0.0,0.0,0.0,0.0,0.0,0.0,0.0,0.0,0.0,0.0,0.0,0.0,114.76,86.02,0.0,0.0,0.0,0.0,0.0,108.2,112.39,98.59,0.0,0.0,0.0,0.0,0.0,0.0,82.43,0.0,0.0,0.0,0.0,0.0,0.0,0.0,0.0,101.16,100.87,0.0,0.0
71,16.18,0.15,18.93,22.16,0.06,0.0,0.0,0.49,0.19,0.0,0.0,0.0,0.0,0.0,0.0,0.0,0.0,0.0,0.0,0.0,0.0,0.0,0.0,0.0,0.0,0.0,0.0,0.0,0.0,0.0,0.0,0.0,0.0,0.0,0.0,0.0,0.0,0.0,0.0,0.0,0.0,0.0,0.0,0.0,0.0,0.0,0.0,0.0,0.0,0.0,0.0,0.0,0.0,0.0,0.0,0.0,0.0,0.0,0.0,0.0,0.0,2.93,0.0,0.0,0.0,0.0,0.0,0.0,0.0,14.06,0.0,6.47,0.0,0.0,0.0,0.0,0.0,0.0,1.78,0.0,0.0,0.0,0.0,0.0,0.0,0.0,0.0,0.0,0.26,0.23,0.71,11.73,3.5,19.15,17.78,0.0
72,27.25,6.12,2.3,39.95,42.3,0.0,0.0,0.0,0.0,0.0,0.0,0.0,0.0,0.0,0.0,0.0,0.0,0.0,0.0,0.0,0.0,0.0,0.0,0.0,0.0,6.83,0.0,0.0,0.0,0.0,0.0,0.0,0.0,0.0,0.0,0.0,0.0,0.0,0.0,0.0,2.79,0.0,14.96,0.0,0.0,0.0,0.0,0.0,0.0,0.0,0.0,0.0,0.0,0.0,0.0,0.0,0.0,0.0,0.0,0.0,0.0,20.34,22.12,0.0,0.0,0.0,0.0,26.37,10.98,0.0,0.0,0.0,0.0,0.0,8.67,0.0,3.99,0.0,0.0,0.0,0.0,0.0,0.0,0.0,0.0,0.0,0.0,0.0,0.0,11.67,0.0,0.0,41.67,89.21,35.14,0.0
73,189.15,120.57,3.07,2.67,1.96,1.49,0.0,0.0,0.0,0.0,0.0,0.0,0.0,0.0,0.62,6.74,0.32,0.0,0.0,0.0,0.94,0.0,0.0,0.0,0.0,0.0,0.0,0.0,0.0,2.62,0.0,0.0,0.0,0.0,0.0,0.0,0.0,0.0,0.0,0.0,0.0,0.0,0.0,0.0,0.0,0.0,0.0,0.0,0.0,0.0,0.0,0.0,0.0,0.0,0.0,4.79,3.5,0.0,0.0,0.0,0.0,4.07,3.79,5.63,0.0,0.0,0.0,3.73,0.0,0.0,0.0,0.0,0.0,0.0,0.0,0.0,0.0,0.0,0.0,0.0,0.0,0.0,0.0,0.0,0.0,0.0,0.0,0.0,0.0,0.0,0.0,0.0,3.14,0.0,0.0,0.0
74,470.45,0.04,677.95,110.09,0.3,0.0,0.0,0.0,0.0,0.0,0.0,0.0,0.0,0.0,0.0,0.0,0.0,0.0,0.0,0.0,0.0,0.0,0.0,0.0,0.0,0.0,0.08,0.02,0.05,0.3,0.6,0.0,0.03,0.0,0.0,0.0,0.0,0.0,0.0,0.0,0.0,0.0,0.0,0.0,0.0,0.0,0.0,0.0,0.0,0.0,0.0,0.0,0.0,0.0,0.0,0.0,0.0,0.0,0.0,0.0,475.83,135.6,0.0,0.0,0.0,0.0,0.0,0.0,0.0,13.69,0.0,69.37,0.0,0.0,0.0,0.0,0.0,0.0,0.0,0.0,0.0,0.0,0.0,0.0,0.0,0.0,0.0,0.0,0.02,0.18,0.0,0.0,0.0,0.0,0.0,0.0
75,19.71,11.53,8.13,23.18,1.85,0.0,0.0,0.0,0.0,0.0,0.0,0.0,0.0,0.0,0.0,0.0,0.0,0.0,0.0,0.0,0.0,0.0,0.0,0.0,0.0,0.0,19.05,7.45,0.0,0.0,0.0,0.0,0.0,0.0,0.0,0.0,0.0,0.0,0.0,0.0,1.21,25.25,24.85,0.0,0.0,0.0,0.0,0.0,0.0,0.0,0.0,0.0,0.0,0.0,0.0,0.0,0.0,0.0,0.0,0.0,0.0,0.0,0.0,0.0,0.0,0.0,0.0,16.3,0.0,0.0,0.0,0.0,0.0,2.5,21.33,21.29,22.05,6.69,0.0,0.0,0.0,0.0,0.0,0.0,0.0,0.0,0.0,0.0,0.0,0.0,0.0,0.0,0.0,22.83,0.0,0.0
76,73.23,90.22,10.58,17.65,27.56,0.0,0.0,0.0,0.0,0.0,0.0,0.0,0.0,0.0,0.0,0.0,0.0,0.0,0.0,0.0,0.0,0.0,0.0,0.0,5.68,9.62,0.0,0.0,0.0,0.0,0.0,0.0,0.0,0.0,0.0,0.0,0.0,0.0,0.0,0.0,0.0,0.0,0.0,0.0,0.0,0.0,0.0,0.0,2.64,22.26,0.0,0.0,0.0,0.0,0.0,0.0,0.0,0.0,0.0,0.0,0.0,63.32,71.26,0.0,0.0,0.0,0.0,0.0,0.0,0.0,0.0,0.0,0.0,0.0,0.0,0.0,0.0,0.0,7.86,0.0,0.0,0.0,0.0,0.0,0.0,0.0,0.0,0.0,3.64,2.68,0.0,0.0,44.49,93.59,0.0,0.0
77,1.83,131.29,10.87,29.44,20.77,15.39,0.0,0.0,0.0,0.0,0.0,0.0,0.0,0.0,0.0,0.0,0.0,0.0,0.0,0.0,0.0,0.0,0.0,0.0,7.36,6.26,0.0,0.0,0.0,0.0,0.0,0.0,0.0,0.0,0.0,0.0,0.0,0.0,0.0,0.0,0.0,0.0,0.0,0.0,8.76,9.63,0.0,0.0,0.0,0.0,0.0,0.0,0.0,0.0,0.0,0.0,0.0,0.0,0.0,0.0,0.0,0.0,0.0,0.0,0.0,0.0,0.0,42.28,0.0,0.0,0.0,0.0,0.0,0.0,0.0,0.0,0.0,0.0,13.96,0.0,0.0,0.0,0.0,0.0,0.0,0.0,0.0,0.0,5.59,0.0,0.0,0.0,19.17,20.22,38.32,0.0
78,19.5,5.12,18.13,22.06,3.38,0.0,0.0,0.0,0.0,0.0,0.0,0.0,0.0,0.0,0.0,0.0,0.0,0.0,0.0,0.0,0.0,0.0,0.0,0.0,0.0,0.0,0.0,0.0,0.0,0.0,0.0,0.0,0.0,0.0,0.0,0.0,0.0,0.0,0.0,0.0,0.0,0.0,0.0,0.0,0.0,0.0,0.0,0.0,0.0,0.0,0.0,0.0,0.0,0.0,0.0,0.0,0.0,0.0,0.0,0.0,0.0,0.0,0.0,0.0,0.0,0.0,0.0,0.0,0.0,0.0,33.76,144.92,0.0,0.0,0.0,0.0,4.06,0.0,43.5,0.0,0.0,0.0,0.0,0.0,0.0,0.0,0.0,0.0,15.46,10.3,14.98,40.65,338.76,337.25,349.92,0.0
79,195.57,158.77,3.07,2.67,1.96,0.0,0.0,0.0,0.0,0.0,0.0,0.0,0.0,0.0,2.58,5.74,0.0,0.0,0.0,0.0,0.94,0.0,0.0,0.0,0.0,0.0,0.0,0.0,0.0,2.62,0.0,0.0,0.0,0.0,0.0,0.0,0.0,0.0,0.0,0.0,0.0,0.0,0.0,0.0,0.0,0.0,0.0,0.0,0.0,0.0,0.0,0.0,0.0,0.0,0.0,4.79,4.47,0.0,0.0,0.0,0.0,0.0,3.79,5.63,0.0,0.0,0.0,3.73,0.0,0.0,0.0,0.0,0.0,0.0,0.0,0.0,0.0,0.0,0.0,0.0,0.0,0.0,0.0,0.0,0.0,0.0,0.0,0.0,0.0,0.0,0.0,0.0,3.14,0.0,0.0,0.0
80,9.05,9.88,0.0,9.19,0.0,0.0,0.0,0.0,0.0,0.0,0.0,0.0,0.0,0.0,0.0,0.0,0.0,0.0,0.0,0.0,0.0,0.0,0.0,0.0,2.23,5.64,0.0,0.0,0.0,0.0,0.0,0.0,0.0,0.0,0.0,0.0,0.0,0.0,0.0,0.0,0.0,0.0,0.0,0.0,0.0,0.0,0.0,0.0,5.54,4.5,0.0,0.0,0.0,0.0,0.0,0.0,0.0,0.0,0.0,0.0,0.0,14.37,12.57,0.0,0.0,0.0,0.0,0.0,0.0,0.0,0.0,0.0,0.0,0.0,0.0,0.0,0.0,0.0,12.32,0.0,0.0,0.0,0.0,0.0,0.0,0.0,0.0,0.0,4.42,6.48,0.0,0.0,16.12,7.57,0.0,0.0
81,88.92,21.4,10.49,120.56,14.81,0.0,0.0,0.0,0.0,0.0,0.0,0.0,0.0,0.0,0.0,0.0,0.0,0.0,0.0,0.0,0.0,0.0,0.0,0.0,6.48,4.91,1.83,4.91,0.0,0.0,0.0,0.0,0.0,0.0,0.0,0.0,0.0,0.0,0.0,0.0,0.0,0.0,0.0,0.0,0.0,0.0,0.0,0.0,0.0,0.0,0.0,0.0,0.0,0.0,0.0,0.0,0.0,0.0,0.0,0.0,0.0,0.0,0.0,0.0,0.0,0.0,0.0,0.0,0.0,0.0,0.0,0.0,0.0,0.0,0.0,0.0,0.0,0.0,5.34,0.0,0.0,0.0,0.0,0.0,0.0,0.0,0.0,0.0,2.94,2.41,0.0,0.0,95.26,118.85,0.0,0.0
82,17.12,10.34,0.0,9.85,21.36,0.0,0.0,0.0,0.0,0.0,0.0,0.0,0.0,0.0,0.0,0.0,0.0,0.0,0.0,0.0,0.0,0.0,0.0,0.0,0.67,4.38,0.0,0.0,0.0,0.0,0.0,0.0,0.0,0.0,0.0,0.0,0.0,0.0,0.0,0.0,0.0,0.0,40.62,0.0,0.0,0.0,0.0,0.0,0.0,0.0,0.0,0.0,0.0,0.0,9.03,0.0,0.0,0.0,0.0,0.0,0.0,0.0,6.1,0.0,0.0,0.0,0.0,4.95,0.0,0.0,0.0,0.0,0.0,0.0,0.0,0.0,3.36,0.0,7.69,0.0,0.0,0.0,0.0,0.0,0.0,0.0,0.0,0.0,0.0,0.0,0.0,0.0,8.05,14.05,0.0,0.0
83,8978.87,747.59,788.32,155.52,0.0,0.0,0.0,0.0,0.0,0.0,0.0,0.0,0.0,0.0,0.0,0.0,0.0,0.0,0.0,0.0,0.0,0.0,0.0,0.0,0.0,0.0,0.0,0.0,0.0,0.0,0.0,0.0,0.0,0.0,0.0,0.0,0.0,0.0,0.0,0.0,0.0,0.0,0.0,0.0,0.0,237.14,0.0,0.0,0.0,0.0,0.0,0.0,0.0,0.0,0.0,0.0,0.0,0.0,0.0,0.0,0.0,114.44,0.0,0.0,0.0,0.0,0.0,0.0,0.0,0.0,47.16,411.53,0.0,0.0,0.0,0.0,0.0,0.0,54.26,0.0,0.0,0.0,0.0,0.0,0.0,0.0,0.0,0.0,0.0,0.0,160.54,205.92,2592.06,704.45,198.13,0.0
84,46.64,20.07,18.03,155.38,58.98,0.0,0.0,0.0,0.0,0.0,0.0,0.0,0.0,0.0,0.0,12.25,0.0,0.0,0.0,0.0,0.0,0.0,0.0,0.0,2.79,2.17,0.0,0.0,0.0,0.0,0.0,33.35,0.0,0.0,0.0,0.0,0.0,0.0,0.0,0.0,0.0,0.0,12.47,0.0,0.0,0.0,0.0,0.0,0.0,0.0,0.0,0.0,0.0,0.0,0.0,0.0,0.0,0.0,0.0,0.0,0.0,0.0,0.0,0.0,0.0,0.0,0.0,0.0,0.0,0.0,0.0,0.0,0.0,0.0,0.0,0.0,0.0,0.0,20.88,0.0,0.0,0.0,0.0,0.0,0.0,0.0,0.0,0.0,0.0,0.0,0.0,0.0,19.66,83.65,9.31,0.0
85,123.92,48.4,7.32,140.6,28.2,0.0,0.0,0.0,0.0,0.0,0.0,0.0,0.0,0.0,0.0,0.0,0.0,0.0,0.0,0.0,0.0,0.0,0.0,0.0,0.0,0.0,0.0,0.0,0.0,0.0,0.0,0.0,0.0,0.0,0.0,0.0,0.0,0.0,0.0,0.0,0.0,0.0,18.71,0.0,0.0,0.0,0.0,0.0,0.0,0.0,0.0,0.0,0.0,0.0,0.0,0.0,0.0,0.0,0.0,12.61,0.0,0.0,0.0,0.0,0.0,0.0,0.0,29.01,0.0,0.0,0.0,0.0,0.0,0.0,0.0,0.0,0.0,0.0,0.0,0.0,0.0,0.0,0.0,8.68,0.0,0.0,0.0,0.0,25.35,13.56,0.0,0.0,148.73,273.06,0.0,0.0
86,21.6,8.14,9.76,17.26,8.5,0.0,0.0,0.0,0.0,0.0,0.0,0.0,0.0,0.0,0.0,0.0,0.0,0.0,0.0,0.0,0.0,0.0,0.0,0.0,9.58,69.15,4.11,7.82,0.0,0.0,0.0,0.0,0.0,0.0,0.0,0.0,0.0,13.97,0.0,0.0,10.71,12.84,8.04,0.0,0.0,0.0,0.0,0.0,0.0,0.0,0.0,0.0,0.0,0.0,0.0,0.0,0.0,0.0,0.0,0.0,0.0,0.0,0.0,0.0,0.0,0.0,0.0,0.0,0.0,0.0,0.0,0.0,0.0,0.0,0.0,0.0,0.0,0.0,0.0,0.0,0.0,0.0,0.0,0.0,0.0,0.0,0.0,0.0,0.0,0.0,0.0,0.0,0.0,0.0,0.0,0.0
87,13.98,6.37,3.23,16.0,25.46,0.0,0.0,0.0,0.0,0.0,0.0,0.0,0.0,0.0,0.0,0.0,0.0,0.0,0.0,0.0,0.0,0.0,0.0,0.0,0.0,0.0,0.0,0.0,0.0,0.0,0.0,0.0,0.0,0.0,0.0,0.0,0.0,0.0,0.0,0.0,0.0,0.0,18.94,0.0,0.0,0.0,0.0,0.0,0.0,0.0,0.0,0.0,0.0,2.88,19.55,0.0,0.0,0.0,0.0,0.0,0.0,3.65,0.0,0.0,0.0,0.0,0.0,0.0,0.0,0.0,0.0,0.0,0.0,0.0,0.0,0.0,0.0,0.0,5.48,0.0,0.0,0.0,0.0,0.0,0.0,0.0,0.0,0.0,0.0,0.0,0.0,0.0,17.65,23.41,10.28,0.0
88,2.5,2.29,0.85,1.91,0.57,1.83,0.0,0.0,0.0,0.0,0.0,0.0,0.0,0.0,0.0,0.0,0.0,0.0,0.0,0.0,0.0,0.0,0.0,0.0,0.72,0.2,0.0,0.0,0.0,0.0,0.0,0.0,0.0,0.0,0.0,0.0,0.0,0.0,0.0,0.0,0.0,0.0,0.0,0.0,0.55,1.64,0.0,0.0,0.0,0.0,0.0,0.0,0.0,0.0,0.0,0.0,0.0,0.0,0.0,0.0,0.0,0.0,0.0,0.0,0.0,0.0,0.0,0.0,0.0,0.0,0.0,0.0,0.0,0.0,0.0,0.0,0.0,0.0,1.0,0.0,0.0,0.0,0.0,0.0,0.0,0.0,0.0,0.0,0.0,0.0,0.0,0.0,3.92,0.0,11.45,0.0
89,4403.68,536.33,227.37,47.05,103.62,0.0,0.0,0.0,0.0,0.0,0.0,0.0,0.0,198.77,0.0,0.0,0.0,0.0,0.0,0.0,0.0,0.0,0.0,0.0,0.0,0.0,0.0,0.0,0.0,0.0,0.0,0.0,0.0,0.0,0.0,0.0,0.0,0.0,0.0,0.0,0.0,0.0,0.0,0.0,0.0,145.97,0.0,0.0,0.0,0.0,0.0,0.0,0.0,0.0,0.0,0.0,0.0,0.0,0.0,0.0,0.0,0.0,0.0,0.0,0.0,0.0,0.0,0.0,0.0,0.0,662.92,4646.55,0.0,0.0,0.0,0.0,0.0,0.0,160.75,0.0,0.0,0.0,0.0,0.0,0.0,0.0,0.0,0.0,0.0,0.0,0.0,0.0,638.49,97.17,210.02,0.0
90,5.67,5.66,0.0,10.38,4.4,0.0,0.0,0.0,0.0,0.0,0.0,0.0,0.0,0.0,0.0,0.0,0.0,0.0,0.0,0.0,0.0,0.0,0.0,0.0,0.0,0.0,0.0,0.0,31.87,0.0,0.0,0.0,0.0,0.0,0.0,0.0,0.0,0.0,0.0,0.0,0.0,0.0,0.0,0.0,0.0,0.0,0.0,0.0,0.0,0.0,0.0,0.0,0.0,0.0,0.0,0.0,0.0,0.0,0.0,0.0,0.0,0.0,0.0,0.0,0.0,0.0,0.0,0.0,0.0,0.0,0.0,0.0,1.57,0.0,0.0,2.72,1.93,0.0,1.5,0.0,0.0,0.0,0.0,0.0,0.0,0.0,0.0,0.0,62.73,1.58,0.0,0.0,5.66,5.9,0.0,0.0
91,10.55,7.01,2.34,5.38,0.0,0.0,0.0,0.0,0.0,0.0,0.0,0.0,0.0,0.0,0.0,0.0,0.0,0.0,0.0,0.0,0.0,0.0,0.0,0.0,0.22,4.67,0.0,0.0,0.0,0.0,0.0,0.0,0.0,0.0,0.0,0.0,0.0,0.0,0.0,0.0,0.0,0.0,0.0,0.0,0.0,0.0,0.0,0.0,0.0,5.44,0.0,0.0,0.0,0.0,0.0,0.0,0.0,0.0,0.0,0.0,0.0,11.89,6.55,0.0,0.0,0.0,0.0,0.0,0.0,0.0,0.0,0.0,0.0,0.0,0.0,0.0,0.0,0.0,0.0,0.0,0.0,0.0,0.0,0.0,0.0,0.0,0.0,0.0,5.31,5.46,0.0,0.0,15.24,14.34,0.0,0.0
92,243.86,118.34,115.1,115.37,102.79,0.0,0.0,0.0,0.0,0.0,0.0,0.0,0.0,0.0,0.0,0.0,0.0,0.0,0.0,0.0,0.0,0.0,0.0,0.0,105.9,104.55,0.0,0.0,0.0,0.0,0.0,142.55,0.0,0.0,0.0,0.0,0.0,0.0,0.0,0.0,0.0,0.0,0.0,0.0,0.0,0.0,0.0,0.0,0.0,0.0,0.0,0.0,0.0,0.0,0.0,0.0,0.0,0.0,0.0,0.0,0.0,93.19,105.36,0.0,0.0,0.0,0.0,0.0,0.0,0.0,0.0,0.0,0.0,0.0,0.0,0.0,0.0,0.0,106.31,0.0,0.0,0.0,0.0,0.0,0.0,0.0,0.0,0.0,0.0,0.0,0.0,0.0,130.25,143.91,0.0,0.0
93,7.28,8.1,0.0,10.58,0.67,0.0,0.0,0.0,0.0,0.0,0.0,0.0,0.0,0.0,0.0,0.0,0.0,0.0,0.0,0.0,0.0,0.0,0.0,0.0,12.72,8.63,1.96,10.71,0.0,0.0,0.0,41.08,0.0,0.0,0.0,0.0,0.0,0.0,0.0,0.0,0.0,0.0,0.0,0.0,0.0,0.0,0.0,0.0,0.0,0.0,0.0,0.0,0.0,0.0,0.0,0.0,0.0,0.0,0.0,0.0,0.0,0.0,0.0,0.0,0.0,0.0,0.0,0.0,0.0,0.0,0.0,0.0,0.0,0.0,0.0,0.0,0.0,0.0,0.0,0.0,0.0,0.0,0.0,0.0,0.0,0.0,0.0,0.0,0.0,0.0,0.0,0.0,8.7,16.47,5.37,0.0
94,38.14,2.3,56.67,377.75,18.26,0.0,0.0,0.0,0.0,0.0,0.0,0.0,0.0,0.0,0.0,0.0,0.0,0.0,0.0,0.0,0.0,0.0,0.0,0.0,0.0,0.0,0.0,0.0,0.0,0.0,0.0,6.27,0.0,0.0,0.0,0.0,0.0,0.0,0.0,0.0,0.0,0.0,54.91,0.0,0.0,0.0,0.0,0.0,0.0,0.0,0.0,0.0,0.0,0.0,0.0,0.0,0.0,0.0,0.0,0.0,0.0,0.0,0.0,0.0,0.0,0.0,0.0,12.04,0.0,0.0,0.0,0.0,0.0,0.0,0.0,0.0,0.0,0.0,0.0,0.0,0.0,0.0,0.0,30.88,0.0,0.0,0.0,0.0,0.0,0.0,0.0,0.0,444.7,466.48,10.41,0.0
95,15.97,13.0,4.23,13.24,0.0,0.0,0.0,0.0,0.0,0.0,0.0,0.0,0.0,0.0,0.0,0.0,0.0,0.0,0.0,0.0,0.0,0.0,0.0,0.0,1.2,2.99,0.0,0.0,0.0,0.0,0.0,0.0,0.0,0.0,0.0,0.0,0.0,0.0,0.0,0.0,0.0,0.0,0.0,0.0,0.0,0.0,0.0,0.0,0.0,0.0,0.0,0.0,0.0,0.0,0.0,0.0,0.0,0.0,0.0,0.0,0.0,0.0,0.0,0.0,0.0,0.0,0.0,0.0,0.0,0.0,0.0,0.0,0.0,0.0,0.0,0.0,0.0,0.0,4.91,0.0,0.0,0.0,0.0,0.0,0.0,0.0,0.0,0.0,8.05,4.6,0.0,0.0,11.71,41.73,9.03,0.0
96,47.84,98.26,1.33,3.67,1.54,0.0,0.0,0.0,0.0,0.0,0.0,0.0,0.0,0.0,0.0,0.0,0.0,0.0,0.0,0.0,0.0,0.0,0.0,0.0,0.0,0.0,0.0,0.48,0.0,0.0,0.0,0.0,0.0,0.0,0.0,0.0,0.0,0.0,0.0,0.0,0.0,0.0,0.0,0.0,0.0,0.0,0.0,0.0,0.0,0.0,0.0,0.0,0.0,0.0,0.0,0.0,0.0,0.0,0.0,0.0,0.33,0.0,0.0,0.53,0.0,0.0,0.0,0.32,0.27,0.0,0.0,0.0,0.0,0.0,0.0,0.0,0.0,0.0,0.0,0.0,0.0,0.0,0.0,0.0,0.0,0.0,0.0,0.0,0.0,0.0,0.0,0.0,1.29,0.0,0.0,0.0
97,2.14,1.88,0.45,1.06,0.0,0.0,0.0,0.0,0.0,0.0,0.0,0.0,0.0,0.0,0.0,0.0,0.0,0.0,0.0,0.0,0.0,0.0,0.0,0.0,3.74,2.18,0.8,1.51,0.0,0.0,0.0,0.0,0.0,0.0,0.0,0.0,0.0,0.0,0.0,0.0,0.0,0.0,0.0,0.0,0.0,0.0,0.0,0.0,0.0,0.0,0.0,0.0,0.0,0.0,0.0,0.0,0.0,0.0,0.0,0.0,0.0,0.0,0.0,0.0,0.0,0.0,0.0,0.0,0.0,0.0,0.0,0.0,0.0,0.0,0.0,0.0,0.0,0.0,5.65,0.0,0.0,0.0,0.0,0.0,0.0,0.0,0.0,0.0,3.65,2.39,0.0,0.0,0.0,0.0,0.0,0.0
98,191.44,11.25,9.63,73.08,19.39,0.0,0.0,0.0,0.0,0.0,0.0,0.0,0.0,0.0,0.0,0.0,0.0,0.0,0.0,0.0,0.0,0.0,0.0,0.0,0.0,0.0,0.0,0.0,0.0,0.0,0.0,20.07,0.0,0.0,0.0,0.0,0.0,0.0,0.0,0.0,0.0,0.0,8.5,0.0,0.0,0.0,0.0,0.0,0.0,7.64,0.0,0.0,0.0,0.0,0.0,0.0,0.0,0.0,0.0,0.0,0.0,0.0,0.0,0.0,0.0,0.0,0.0,10.21,0.0,0.0,0.0,0.0,0.0,0.0,0.0,0.0,0.0,0.0,0.0,0.0,0.0,0.0,0.0,0.0,0.0,0.0,0.0,0.0,0.0,0.0,0.0,0.0,119.18,149.82,0.0,0.0
99,3.76,3.94,0.0,10.74,0.96,0.0,0.0,0.0,0.0,0.0,0.0,0.0,0.0,0.0,0.0,0.0,0.0,0.0,0.0,0.0,0.0,0.0,0.0,0.0,13.34,10.69,3.03,11.64,0.0,0.0,0.0,24.79,0.0,0.0,0.0,0.0,0.0,0.0,0.0,0.0,0.0,0.0,0.0,0.0,0.0,0.0,0.0,0.0,0.0,0.0,0.0,0.0,0.0,0.0,0.0,0.0,0.0,0.0,0.0,0.0,0.0,0.0,0.0,0.0,0.0,0.0,0.0,0.0,0.0,0.0,0.0,0.0,0.0,0.0,0.0,0.0,0.0,0.0,0.0,0.0,0.0,0.0,0.0,0.0,0.0,0.0,0.0,0.0,0.0,0.0,0.0,0.0,12.13,6.85,0.0,0.0
100,86.37,18.23,6.22,81.49,14.74,0.0,0.0,0.0,0.0,0.0,0.0,0.0,0.0,0.0,0.0,0.0,0.0,0.0,0.0,0.0,0.0,0.0,0.0,0.0,0.39,4.82,0.0,0.0,0.0,0.0,0.0,0.0,0.0,0.0,0.0,0.0,0.0,0.0,0.0,0.0,0.0,0.0,24.2,0.0,0.0,0.0,0.0,0.0,0.0,0.0,0.0,0.0,0.0,0.0,0.0,0.0,0.0,0.0,0.0,0.0,0.0,0.0,0.0,0.0,0.0,0.0,0.0,0.0,0.0,0.0,10.04,0.0,0.0,0.0,0.0,0.0,0.0,0.0,0.0,0.0,0.0,0.0,0.0,0.0,0.0,0.0,0.0,0.0,0.0,0.0,0.0,0.0,270.35,498.13,0.0,0.0
101,64.39,12.13,50.99,94.07,28.09,0.0,0.0,0.0,0.0,0.0,0.0,0.0,0.0,0.0,0.0,0.0,0.0,0.0,0.0,0.0,0.0,0.0,0.0,0.0,0.0,0.0,0.0,0.0,0.0,0.0,0.0,0.0,0.0,0.0,0.0,0.0,0.0,0.0,0.0,0.0,0.0,0.0,0.0,0.0,0.0,0.0,0.0,0.0,0.0,0.0,0.0,0.0,0.0,0.0,0.0,0.0,0.0,0.0,0.0,0.0,0.0,9.29,18.28,0.0,0.0,0.0,0.0,4.98,0.0,0.0,0.0,0.0,0.0,0.0,0.0,0.0,0.0,0.0,0.0,0.0,0.0,0.0,0.0,0.0,0.0,0.0,0.0,0.0,0.0,0.0,0.0,0.0,190.82,241.38,157.24,0.0
102,3.5,0.24,0.23,17.89,0.84,0.0,0.0,0.0,0.0,0.0,0.0,0.0,0.0,0.0,0.0,0.0,0.0,0.0,0.0,0.0,0.0,0.0,0.0,0.0,6.33,1.92,0.78,1.88,0.0,0.0,0.0,0.0,0.0,0.0,0.0,0.0,0.0,0.0,0.0,0.0,0.0,0.0,0.0,0.0,0.0,0.0,0.0,0.0,0.0,0.0,0.0,0.0,0.0,0.0,0.0,0.0,0.0,0.0,0.0,0.0,0.0,0.0,0.0,0.0,0.0,0.0,0.0,1.43,0.0,0.0,0.0,0.0,0.0,0.0,0.0,0.0,0.0,0.0,0.0,0.0,0.0,0.0,0.0,0.0,0.0,0.0,0.0,0.0,0.0,0.0,0.0,0.0,0.0,10.27,0.0,0.0
103,3328.23,489.28,594.38,10.69,0.0,0.0,0.0,0.0,0.0,0.0,0.0,0.0,0.0,0.0,0.0,0.0,0.0,0.0,0.0,0.0,0.0,0.0,0.0,0.0,0.0,0.0,0.0,0.0,0.0,0.0,0.0,0.0,0.0,0.0,0.0,0.0,0.0,0.0,0.0,0.0,0.0,0.0,0.0,0.0,0.0,89.73,0.0,0.0,0.0,0.0,0.0,0.0,0.0,0.0,0.0,0.0,0.0,0.0,0.0,0.0,0.0,0.0,0.0,0.0,0.0,0.0,0.0,0.0,0.0,0.0,1972.38,0.0,0.0,0.0,0.0,0.0,0.0,0.0,0.0,0.0,0.0,0.0,0.0,0.0,0.0,0.0,0.0,0.0,0.0,0.0,8.71,0.0,1015.79,240.25,3988.62,0.0
104,68.13,27.55,34.62,91.17,67.29,0.0,0.0,0.0,0.0,0.0,0.0,0.0,0.0,0.0,0.0,0.0,0.0,0.0,0.0,0.0,0.0,0.0,0.0,0.0,0.0,0.0,0.0,0.0,0.0,0.0,0.0,0.0,0.0,0.0,0.0,0.0,0.0,0.0,0.0,0.0,0.0,0.0,13.85,0.0,0.0,0.0,0.0,0.0,0.0,0.0,0.0,0.0,0.0,0.0,0.0,0.0,0.0,0.0,0.0,0.0,0.0,41.25,32.94,0.0,0.0,0.0,0.0,0.0,0.0,0.0,0.0,0.0,0.0,0.0,0.0,0.0,0.0,0.0,0.0,0.0,0.0,0.0,0.0,0.0,0.0,0.0,0.0,0.0,0.0,0.0,0.0,0.0,74.54,80.38,0.0,0.0
105,4.49,1.82,0.0,5.87,6.0,0.0,0.0,0.0,0.0,0.0,0.0,0.0,0.0,0.0,0.0,0.0,0.0,0.0,0.0,0.0,0.0,0.0,0.0,0.0,0.0,0.0,0.0,0.0,0.0,0.0,0.0,0.0,0.0,0.0,0.0,0.0,0.0,0.0,0.0,0.0,0.0,0.0,9.64,0.0,0.0,0.0,0.0,0.0,0.0,0.0,0.0,0.0,0.0,0.0,0.0,0.0,0.0,0.0,0.0,0.0,0.0,38.73,15.46,0.0,0.0,0.0,0.0,7.49,0.0,0.0,0.0,0.0,0.0,0.0,6.02,0.0,0.0,0.0,0.0,0.0,0.0,0.0,0.0,0.0,0.0,0.0,0.0,0.0,0.0,0.0,0.0,0.0,0.0,56.63,0.0,0.0
106,15.15,16.37,45.59,18.24,0.0,0.0,0.0,0.0,0.0,0.0,0.0,0.0,0.0,0.0,0.0,0.0,0.0,0.0,0.0,0.0,0.0,0.0,0.0,0.0,0.0,0.0,3.82,7.94,0.0,0.0,0.0,4.71,0.0,0.0,0.0,0.0,0.0,0.0,0.0,0.0,0.0,0.0,0.0,0.0,0.0,0.0,0.0,0.0,0.0,0.0,0.0,0.0,0.0,0.0,0.0,0.0,0.0,0.0,0.0,0.0,0.0,0.0,0.0,0.0,0.0,0.0,0.0,0.0,0.0,0.0,0.0,0.0,0.0,0.0,0.0,0.0,0.0,16.09,0.0,0.0,0.0,0.0,0.0,0.0,0.0,0.0,0.0,0.0,0.0,0.0,0.0,0.0,22.15,21.63,0.0,0.0
107,11.56,6.44,0.6,7.2,0.0,0.0,0.0,0.0,0.0,0.0,0.0,0.0,0.0,0.0,0.0,0.0,0.0,0.0,0.0,0.0,0.0,0.0,0.0,0.0,0.0,0.0,0.0,0.0,0.0,0.0,0.0,1.75,0.0,0.0,0.0,0.0,0.0,0.0,0.0,0.0,0.0,0.0,0.0,0.0,0.0,0.0,0.0,0.0,0.0,0.0,0.0,0.0,0.0,0.0,0.0,0.0,0.0,0.0,0.0,0.0,0.0,0.0,0.0,0.0,0.0,0.0,0.0,0.0,0.0,0.0,0.0,0.0,0.0,0.0,0.0,0.0,0.0,0.0,3.54,0.0,0.0,0.0,0.0,0.0,0.0,0.0,0.0,0.0,1.46,2.12,0.0,0.0,9.05,0.0,0.0,0.0
108,16.33,4.79,0.19,1.55,2.64,0.0,0.0,0.0,0.0,0.0,0.0,0.0,0.0,0.0,0.0,0.0,0.0,0.0,0.0,0.0,0.0,0.0,0.0,0.0,0.0,0.0,0.0,0.0,0.0,0.0,0.0,0.0,0.0,0.0,0.0,0.0,0.0,0.0,0.0,0.0,0.0,0.0,0.0,0.0,0.0,0.0,0.0,0.0,0.0,0.0,0.0,0.0,0.0,0.0,0.0,0.0,0.0,0.0,0.0,0.0,0.0,0.0,0.0,0.0,0.0,0.0,0.0,0.0,0.0,0.0,0.0,0.0,0.0,0.0,0.0,0.0,0.0,0.0,0.0,0.0,0.0,0.0,0.0,0.0,0.0,0.0,0.0,0.0,0.77,2.48,0.0,0.0,2.33,6.58,0.0,0.0
109,54.48,32.5,0.25,14.81,20.15,0.0,0.0,0.0,0.0,0.0,0.0,0.0,0.0,0.0,0.0,0.0,0.0,0.0,0.0,0.0,0.0,0.0,0.0,0.0,0.0,0.0,0.0,0.0,0.0,0.0,0.0,0.0,0.0,0.0,0.0,0.0,0.0,0.0,0.0,0.0,0.0,0.0,0.0,0.0,0.0,0.0,0.0,0.0,0.0,0.0,0.0,0.0,0.0,0.0,0.0,0.0,0.0,0.0,0.0,0.0,0.0,0.0,0.0,0.0,0.0,0.0,0.0,2.8,0.0,0.0,0.0,0.0,0.0,0.0,0.0,0.0,0.0,0.0,3.93,0.0,0.0,0.0,0.0,0.0,0.0,0.0,0.0,0.0,0.0,0.0,0.0,0.0,78.97,159.45,0.0,0.0
110,17.65,5.48,0.64,3.52,0.0,0.0,0.0,0.0,0.0,0.0,0.0,0.0,0.0,0.0,0.0,0.0,0.0,0.0,0.0,0.0,0.0,0.0,0.0,0.0,0.31,5.04,0.0,0.0,0.0,0.0,0.0,0.0,0.0,0.0,0.0,0.0,0.0,0.0,0.0,0.0,0.0,0.0,0.0,0.0,0.0,0.0,0.0,0.0,0.0,0.0,0.0,0.0,0.0,0.0,0.0,0.0,0.0,0.0,0.0,0.0,0.0,0.0,0.0,0.0,0.0,0.0,0.0,0.0,0.0,0.0,0.0,0.0,0.0,0.0,0.0,0.0,0.0,0.0,2.47,0.0,0.0,0.0,0.0,0.0,0.0,0.0,0.0,0.0,0.0,0.0,0.0,0.0,4.06,3.83,0.0,0.0
111,25.35,19.12,30.37,332.72,99.79,0.0,0.0,0.0,0.0,0.0,0.0,0.0,0.0,0.0,0.0,0.0,0.0,0.0,0.0,0.0,0.0,0.0,0.0,0.0,0.0,0.0,0.0,0.0,0.0,0.0,0.0,0.0,0.0,0.0,0.0,0.0,0.0,0.0,0.0,0.0,0.0,0.0,17.49,0.0,0.0,0.0,0.0,0.0,0.0,0.0,0.0,0.0,0.0,0.0,0.0,0.0,0.0,0.0,0.0,0.0,0.0,0.0,0.0,0.0,0.0,0.0,0.0,0.0,0.0,0.0,0.0,0.0,0.0,0.0,0.0,0.0,0.0,0.0,0.0,0.0,0.0,0.0,0.0,0.0,0.0,0.0,0.0,0.0,0.0,0.0,0.0,0.0,122.7,244.05,0.0,0.0
112,11.58,0.61,0.53,13.97,2.16,0.0,0.0,0.0,0.0,0.0,0.0,0.0,0.0,0.0,0.0,0.0,0.0,0.0,0.0,0.0,0.0,0.0,0.0,0.0,0.0,0.0,0.0,0.0,0.0,0.0,0.0,0.0,0.0,0.0,0.0,0.0,0.0,0.0,0.0,0.0,0.0,0.0,0.0,0.0,0.0,0.0,0.0,0.0,0.0,0.0,0.0,0.0,0.0,0.0,0.0,0.0,0.0,0.0,0.0,0.0,0.0,0.0,0.0,0.0,0.0,0.0,0.0,0.0,0.0,0.0,0.0,0.0,0.0,0.0,0.0,0.0,0.0,0.0,0.0,0.0,0.0,0.0,0.0,0.0,0.0,0.0,0.0,0.0,0.0,0.0,0.0,0.0,5.88,9.07,4.56,0.0
113,0.0,0.0,227.47,301.47,283.15,0.0,0.0,0.0,0.0,0.0,0.0,0.0,0.0,0.0,0.0,0.0,0.0,0.0,0.0,0.0,0.0,0.0,0.0,0.0,0.0,0.0,0.0,0.0,0.0,0.0,0.0,0.0,0.0,0.0,0.0,0.0,0.0,0.0,0.0,0.0,0.0,0.0,0.0,0.0,0.0,0.0,0.0,0.0,0.0,0.0,0.0,0.0,0.0,0.0,0.0,0.0,0.0,0.0,0.0,0.0,0.0,0.0,0.0,0.0,0.0,0.0,0.0,0.0,0.0,0.0,0.0,0.0,0.0,0.0,0.0,0.0,0.0,0.0,0.0,0.0,0.0,0.0,0.0,0.0,0.0,0.0,0.0,0.0,69.23,202.56,0.0,227.47,312.09,0.0,258.61,0.0
114,11.0,3.32,0.0,1.58,0.0,0.0,0.0,0.0,0.0,0.0,0.0,0.0,0.0,0.0,0.0,0.0,0.0,0.0,0.0,0.0,0.0,0.0,0.0,0.0,0.0,0.0,0.0,0.0,0.0,0.0,0.0,0.0,0.0,0.0,0.0,0.0,0.0,0.0,0.0,0.0,0.0,0.0,0.0,0.0,0.0,0.0,0.0,0.0,0.0,0.0,0.0,0.0,0.0,0.0,0.0,0.0,0.0,0.0,0.0,0.0,0.0,0.0,0.0,0.0,0.0,0.0,0.0,0.0,0.0,0.0,0.0,0.0,0.0,0.0,0.0,0.0,0.0,0.0,3.67,0.0,0.0,0.0,0.0,0.0,0.0,0.0,0.0,0.0,1.91,2.03,0.0,0.0,3.39,7.02,0.0,0.0
115,13.15,5.3,0.0,8.39,9.85,0.0,0.0,0.0,0.0,0.0,0.0,0.0,0.0,0.0,0.0,0.0,0.0,0.0,0.0,0.0,0.0,0.0,0.0,0.0,1.31,2.9,0.0,0.0,0.0,0.0,0.0,0.0,0.0,0.0,0.0,0.0,0.0,0.0,0.0,0.0,0.0,0.0,0.0,0.0,0.0,0.0,0.0,0.0,0.0,0.0,0.0,0.0,0.0,0.0,0.0,0.0,0.0,0.0,0.0,0.0,0.0,0.0,0.0,0.0,0.0,0.0,0.0,0.0,0.0,0.0,0.0,0.0,0.0,0.0,0.0,0.0,0.0,0.0,0.0,0.0,0.0,0.0,0.0,0.0,0.0,0.0,0.0,0.0,0.0,0.0,0.0,0.0,8.88,11.32,0.0,0.0
116,51.04,8.53,2.51,3.94,0.0,0.0,0.0,0.0,0.0,0.0,0.0,0.0,0.0,0.0,0.0,0.0,0.0,0.0,0.0,0.0,0.0,0.0,0.0,0.0,0.0,0.0,0.0,0.0,0.0,0.0,0.0,0.0,0.0,0.0,0.0,0.0,0.0,0.0,0.0,0.0,0.0,0.0,0.0,0.0,0.0,0.0,0.0,0.0,0.0,0.0,0.0,0.0,0.0,0.0,0.0,0.0,0.0,0.0,0.0,0.0,0.0,0.0,0.0,0.0,0.0,0.0,0.0,0.0,0.0,0.0,0.0,0.0,0.0,0.0,0.0,0.0,0.0,0.0,4.33,0.0,0.0,0.0,0.0,0.0,0.0,0.0,0.0,0.0,11.32,0.0,0.0,0.0,93.11,148.37,0.0,0.0
117,10.6,4.41,0.68,12.09,19.84,0.0,0.0,0.0,0.0,0.0,0.0,0.0,0.0,0.0,0.0,0.0,0.0,0.0,0.0,0.0,0.0,0.0,0.0,0.0,0.0,0.0,0.0,0.0,0.0,0.0,0.0,0.0,0.0,0.0,0.0,0.0,0.0,0.0,0.0,0.0,0.0,0.0,0.0,0.0,0.0,0.0,0.0,0.0,0.0,0.0,0.0,0.0,0.0,0.0,0.0,0.0,0.0,0.0,0.0,0.0,0.0,0.0,0.0,0.0,0.0,0.0,0.0,0.0,0.0,0.0,0.0,0.0,0.0,0.0,0.0,0.0,0.0,0.0,0.0,0.0,0.0,0.0,0.0,0.0,0.0,0.0,0.0,0.0,0.0,0.0,0.0,0.0,3.81,4.02,0.0,0.0
118,0.0,2.68,0.0,4.02,0.0,0.0,0.0,0.0,0.0,0.0,0.0,0.0,0.0,0.0,0.0,0.0,0.0,0.0,0.0,0.0,0.0,0.0,0.0,0.0,0.0,0.0,0.0,0.0,0.0,0.0,0.0,0.0,0.0,0.0,0.0,0.0,0.0,0.0,0.0,0.0,0.0,0.0,0.0,0.0,0.0,0.0,0.0,0.0,0.0,0.0,0.0,0.0,0.0,0.0,0.0,0.0,0.0,0.0,0.0,0.0,0.0,0.0,0.0,0.0,0.0,0.0,0.0,0.0,0.0,0.0,0.0,0.0,0.0,0.0,0.0,0.0,0.0,0.0,4.22,0.0,0.0,0.0,0.0,0.0,0.0,0.0,0.0,0.0,1.97,2.65,0.0,0.0,4.2,0.0,0.0,0.0
119,17.97,0.0,0.0,2.2,0.0,0.0,0.0,0.0,0.0,0.0,0.0,0.0,0.0,0.0,0.0,0.0,0.0,0.0,0.0,0.0,0.0,0.0,0.0,0.0,0.0,0.0,0.0,0.0,0.0,0.0,0.0,5.7,0.0,0.0,0.0,0.0,0.0,0.0,0.0,0.0,0.0,0.0,0.0,0.0,0.0,0.0,0.0,0.0,0.0,0.0,0.0,0.0,0.0,0.0,0.0,0.0,0.0,0.0,0.0,0.0,0.0,0.0,0.0,0.0,0.0,0.0,0.0,0.0,0.0,0.0,0.0,0.0,0.0,0.0,0.0,0.0,0.0,0.0,13.98,0.0,0.0,0.0,0.0,0.0,0.0,0.0,0.0,0.0,0.0,0.0,0.0,0.0,0.0,29.01,7.32,0.0
120,25.83,2.09,0.0,2.52,0.0,0.0,0.0,0.0,0.0,0.0,0.0,0.0,0.0,0.0,0.0,0.0,0.0,0.0,0.0,0.0,0.0,0.0,0.0,0.0,0.0,0.0,0.0,0.0,0.0,0.0,0.0,0.0,0.0,0.0,0.0,0.0,0.0,0.0,0.0,0.0,0.0,0.0,0.0,0.0,0.0,0.0,0.0,0.0,0.0,0.0,0.0,0.0,0.0,0.0,0.0,0.0,0.0,0.0,0.0,0.0,0.0,0.0,0.0,0.0,0.0,0.0,0.0,0.0,0.0,0.0,0.0,0.0,0.0,0.0,0.0,0.0,0.0,0.0,5.35,0.0,0.0,0.0,0.0,0.0,0.0,0.0,0.0,0.0,0.0,0.0,0.0,0.0,3.0,6.82,0.0,0.0
121,0.66,0.87,1.4,9.15,1.11,0.0,0.0,0.0,0.0,0.0,0.0,0.0,0.0,0.0,0.0,0.0,0.0,0.0,0.0,0.0,0.0,0.0,0.0,0.0,0.0,0.0,0.0,0.0,0.0,0.0,0.0,0.0,0.0,0.0,0.0,0.0,0.0,0.0,0.0,0.0,0.0,0.0,0.0,0.0,0.0,0.0,0.0,0.0,0.0,0.0,0.0,0.0,0.0,0.0,0.0,0.0,0.0,0.0,0.0,0.0,0.0,0.0,0.0,0.0,0.0,0.0,0.0,0.0,0.0,0.0,0.0,0.0,0.0,0.0,0.0,0.0,0.0,0.0,0.0,0.0,0.0,0.0,0.0,0.0,0.0,0.0,0.0,0.0,0.0,0.0,0.0,0.0,0.0,0.0,0.0,0.0
122,13.25,14.34,83.18,131.87,0.0,0.0,0.0,0.0,0.0,0.0,0.0,0.0,0.0,0.0,0.0,0.0,0.0,0.0,0.0,0.0,0.0,0.0,0.0,0.0,0.0,0.0,0.0,0.0,0.0,0.0,0.0,0.69,0.0,0.0,0.0,0.0,0.0,0.0,0.0,0.0,0.0,0.0,0.0,0.0,0.0,0.0,0.0,0.0,0.0,0.0,0.0,0.0,0.0,0.0,0.0,0.0,0.0,0.0,0.0,0.0,0.0,0.0,0.0,0.0,0.0,0.0,0.0,0.0,0.0,0.0,0.0,0.0,0.0,0.0,0.0,0.0,0.0,0.0,0.0,0.0,0.0,0.0,0.0,0.0,0.0,0.0,0.0,0.0,0.0,0.0,0.0,0.0,0.0,0.0,0.0,0.0
123,2.77,2.33,0.0,1.8,0.0,0.0,0.0,0.0,0.0,0.0,0.0,0.0,0.0,0.0,0.0,0.0,0.0,0.0,0.0,0.0,0.0,0.0,0.0,0.0,0.0,0.0,0.0,0.0,0.0,0.0,0.0,0.0,0.0,0.0,0.0,0.0,0.0,0.0,0.0,0.0,0.0,0.0,0.0,0.0,0.0,0.0,0.0,0.0,0.0,0.0,0.0,0.0,0.0,0.0,0.0,0.0,0.0,0.0,0.0,0.0,0.0,0.0,0.0,0.0,0.0,0.0,0.0,0.0,0.0,0.0,0.0,0.0,0.0,0.0,0.0,0.0,0.0,0.0,0.0,0.0,0.0,0.0,0.0,0.0,0.0,0.0,0.0,0.0,0.0,0.0,0.0,0.0,2.37,3.35,0.0,0.0
124,8.15,0.0,0.0,0.0,0.0,0.0,0.0,0.0,0.0,0.0,0.0,0.0,0.0,0.0,0.0,0.0,0.0,0.0,0.0,0.0,0.0,0.0,0.0,0.0,0.0,0.0,0.0,0.0,0.0,0.0,0.0,0.0,0.0,0.0,0.0,0.0,0.0,0.0,0.0,0.0,0.0,0.0,0.0,0.0,0.0,0.0,0.0,0.0,0.0,0.0,0.0,0.0,0.0,0.0,0.0,0.0,0.0,0.0,0.0,0.0,0.0,0.0,0.0,0.0,0.0,0.0,0.0,0.0,0.0,0.0,0.0,0.0,0.0,0.0,0.0,0.0,0.0,0.0,3.56,0.0,0.0,0.0,0.0,0.0,0.0,0.0,0.0,0.0,0.0,0.0,0.0,0.0,3.47,2.56,0.0,0.0
125,21.63,14.37,0.0,0.0,0.0,0.0,0.0,0.0,0.0,0.0,0.0,0.0,0.0,0.0,0.0,0.0,0.0,0.0,0.0,0.0,0.0,0.0,0.0,0.0,0.0,0.0,0.0,0.0,0.0,0.0,0.0,0.0,0.0,0.0,0.0,0.0,0.0,0.0,0.0,0.0,0.0,0.0,0.0,0.0,0.0,0.0,0.0,0.0,0.0,0.0,0.0,0.0,0.0,0.0,0.0,0.0,0.0,0.0,0.0,0.0,0.0,0.0,0.0,0.0,0.0,0.0,0.0,0.0,0.0,0.0,0.0,0.0,0.0,0.0,0.0,0.0,0.0,0.0,0.0,0.0,0.0,0.0,0.0,0.0,0.0,0.0,0.0,0.0,0.0,0.0,0.0,0.0,18.82,10.03,0.0,0.0
126,2.27,0.0,0.0,0.0,0.0,0.0,0.0,0.0,0.0,0.0,0.0,0.0,0.0,0.0,0.0,0.0,0.0,0.0,0.0,0.0,0.0,0.0,0.0,0.0,0.0,0.0,0.0,0.0,0.0,0.0,0.0,6.31,0.0,0.0,0.0,0.0,0.0,0.0,0.0,0.0,0.0,0.0,0.0,0.0,0.0,0.0,0.0,0.0,0.0,0.0,0.0,0.0,0.0,0.0,0.0,0.0,0.0,0.0,0.0,0.0,0.0,0.0,0.0,0.0,0.0,0.0,0.0,0.0,0.0,0.0,0.0,0.0,0.0,0.0,0.0,0.0,0.0,0.0,0.0,0.0,0.0,0.0,0.0,0.0,0.0,0.0,0.0,0.0,0.0,0.0,0.0,0.0,2.87,3.31,0.0,0.0
127,1.13,1.42,0.0,0.0,0.0,0.0,0.0,0.0,0.0,0.0,0.0,0.0,0.0,0.0,0.0,0.0,0.0,0.0,0.0,0.0,0.0,0.0,0.0,0.0,0.0,0.0,0.0,0.0,0.0,0.0,0.0,0.0,0.0,0.0,0.0,0.0,0.0,0.0,0.0,0.0,0.0,0.0,4.65,0.0,0.0,0.0,0.0,0.0,0.0,0.0,0.0,0.0,0.0,0.0,0.0,0.0,0.0,0.0,0.0,0.0,0.0,0.0,0.0,0.0,0.0,0.0,0.0,0.0,0.0,0.0,0.0,0.0,0.0,0.0,0.0,0.0,0.0,0.0,0.0,0.0,0.0,0.0,0.0,0.0,0.0,0.0,0.0,0.0,0.0,0.0,0.0,0.0,0.0,3.03,0.0,0.0
128,4.56,3.65,0.0,0.0,0.0,0.0,0.0,0.0,0.0,0.0,0.0,0.0,0.0,0.0,0.0,0.0,0.0,0.0,0.0,0.0,0.0,0.0,0.0,0.0,0.0,0.0,0.0,0.0,0.0,0.0,0.0,0.0,0.0,0.0,0.0,0.0,0.0,0.0,0.0,0.0,0.0,0.0,0.0,0.0,0.0,0.0,0.0,0.0,0.0,0.0,0.0,0.0,0.0,0.0,0.0,0.0,0.0,0.0,0.0,0.0,0.0,0.0,0.0,0.0,0.0,0.0,0.0,0.0,0.0,0.0,0.0,0.0,0.0,0.0,0.0,0.0,0.0,0.0,2.76,0.0,0.0,0.0,0.0,0.0,0.0,0.0,0.0,0.0,0.0,0.0,0.0,0.0,0.0,4.59,0.0,0.0
129,3.84,11.63,0.0,0.0,1.05,0.0,0.0,0.0,0.0,0.0,0.0,0.0,0.0,0.0,0.0,0.0,0.0,0.0,0.0,0.0,0.0,0.0,0.0,0.0,0.0,0.0,0.0,0.0,0.0,0.0,0.0,0.0,0.0,0.0,0.0,0.0,0.0,0.0,0.0,0.0,0.0,0.0,0.0,0.0,0.0,0.0,0.0,0.0,0.0,0.0,0.0,0.0,0.0,0.0,0.0,0.0,0.0,0.0,0.0,0.0,0.0,0.0,0.0,0.0,0.0,0.0,0.0,3.12,0.0,0.0,0.0,0.0,0.0,0.0,0.0,0.0,0.0,0.0,0.0,0.0,0.0,0.0,0.0,0.0,0.0,0.0,0.0,0.0,0.0,0.0,0.0,0.0,0.0,0.0,0.0,0.0
130,3.17,0.0,0.0,0.0,0.0,0.0,0.0,0.0,0.0,0.0,0.0,0.0,0.0,0.0,0.0,0.0,0.0,0.0,0.0,0.0,0.0,0.0,0.0,0.0,0.0,0.0,0.0,0.0,0.0,0.0,0.0,0.0,0.0,0.0,0.0,0.0,0.0,0.0,0.0,0.0,0.0,0.0,7.32,0.0,0.0,0.0,0.0,0.0,0.0,0.0,0.0,0.0,0.0,0.0,0.0,0.0,0.0,0.0,0.0,0.0,0.0,0.0,0.0,0.0,0.0,0.0,0.0,0.0,0.0,0.0,0.0,0.0,0.0,0.0,0.0,0.0,0.0,0.0,0.0,0.0,0.0,0.0,0.0,0.0,0.0,0.0,0.0,0.0,0.0,0.0,0.0,0.0,0.0,1.71,0.0,0.0
131,5.12,0.0,0.0,0.0,0.0,0.0,0.0,0.0,0.0,0.0,0.0,0.0,0.0,0.0,0.0,0.0,0.0,0.0,0.0,0.0,0.0,0.0,0.0,0.0,0.0,0.0,0.0,0.0,0.0,0.0,0.0,0.0,0.0,0.0,0.0,0.0,0.0,0.0,0.0,0.0,0.0,0.0,0.0,0.0,0.0,0.0,0.0,0.0,0.0,0.0,0.0,0.0,0.0,0.0,0.0,0.0,0.0,0.0,0.0,0.0,0.0,0.0,0.0,0.0,0.0,0.0,0.0,0.0,0.0,0.0,0.0,0.0,0.0,0.0,0.0,0.0,0.0,0.0,0.0,0.0,0.0,0.0,0.0,0.0,0.0,0.0,0.0,0.0,0.0,0.0,0.0,0.0,0.0,23.86,0.0,0.0
132,4.16,3.22,0.0,0.0,0.0,0.0,0.0,0.0,0.0,0.0,0.0,0.0,0.0,0.0,0.0,0.0,0.0,0.0,0.0,0.0,0.0,0.0,0.0,0.0,0.0,0.0,0.0,0.0,0.0,0.0,0.0,0.0,0.0,0.0,0.0,0.0,0.0,0.0,0.0,0.0,0.0,0.0,0.0,0.0,0.0,0.0,0.0,0.0,0.0,0.0,0.0,0.0,0.0,0.0,0.0,0.0,0.0,0.0,0.0,0.0,0.0,0.0,0.0,0.0,0.0,0.0,0.0,0.0,0.0,0.0,0.0,0.0,0.0,0.0,0.0,0.0,0.0,0.0,0.0,0.0,0.0,0.0,0.0,0.0,0.0,0.0,0.0,0.0,0.0,0.0,0.0,0.0,0.0,0.0,0.0,0.0
133,4.86,1.56,0.0,0.0,0.0,0.0,0.0,0.0,0.0,0.0,0.0,0.0,0.0,0.0,0.0,0.0,0.0,0.0,0.0,0.0,0.0,0.0,0.0,0.0,0.0,0.0,0.0,0.0,0.0,0.0,0.0,0.0,0.0,0.0,0.0,0.0,0.0,0.0,0.0,0.0,0.0,0.0,0.0,0.0,0.0,0.0,0.0,0.0,0.0,0.0,0.0,0.0,0.0,0.0,0.0,0.0,0.0,0.0,0.0,0.0,0.0,0.0,0.0,0.0,0.0,0.0,0.0,0.0,0.0,0.0,0.0,0.0,0.0,0.0,0.0,0.0,0.0,0.0,0.0,0.0,0.0,0.0,0.0,0.0,0.0,0.0,0.0,0.0,0.0,0.0,0.0,0.0,0.0,0.0,0.0,0.0
134,1.27,0.0,0.0,0.0,0.0,0.0,0.0,0.0,0.0,0.0,0.0,0.0,0.0,0.0,0.0,0.0,0.0,0.0,0.0,0.0,0.0,0.0,0.0,0.0,0.0,0.0,0.0,0.0,0.0,0.0,0.0,0.0,0.0,0.0,0.0,0.0,0.0,0.0,0.0,0.0,0.0,0.0,0.0,0.0,0.0,0.0,0.0,0.0,0.0,0.0,0.0,0.0,0.0,0.0,0.0,0.0,0.0,0.0,0.0,0.0,0.0,0.0,0.0,0.0,0.0,0.0,0.0,0.0,0.0,0.0,0.0,0.0,0.0,0.0,0.0,0.0,0.0,0.0,0.0,0.0,0.0,0.0,0.0,0.0,0.0,0.0,0.0,0.0,0.0,0.0,0.0,0.0,0.0,3.67,0.0,0.0
135,1.2,1.73,0.0,0.0,0.0,0.0,0.0,0.0,0.0,0.0,0.0,0.0,0.0,0.0,0.0,0.0,0.0,0.0,0.0,0.0,0.0,0.0,0.0,0.0,0.0,0.0,0.0,0.0,0.0,0.0,0.0,0.0,0.0,0.0,0.0,0.0,0.0,0.0,0.0,0.0,0.0,0.0,0.0,0.0,0.0,0.0,0.0,0.0,0.0,0.0,0.0,0.0,0.0,0.0,0.0,0.0,0.0,0.0,0.0,0.0,0.0,0.0,0.0,0.0,0.0,0.0,0.0,0.0,0.0,0.0,0.0,0.0,0.0,0.0,0.0,0.0,0.0,0.0,0.0,0.0,0.0,0.0,0.0,0.0,0.0,0.0,0.0,0.0,0.0,0.0,0.0,0.0,0.0,0.0,0.0,0.0
136,0.0,0.0,0.0,3.94,0.0,0.0,0.0,0.0,0.0,0.0,0.0,0.0,0.0,0.0,0.0,0.0,0.0,0.0,0.0,0.0,0.0,0.0,0.0,0.0,0.0,0.0,0.0,0.0,0.0,0.0,0.0,0.0,0.0,0.0,0.0,0.0,0.0,0.0,0.0,0.0,0.0,0.0,0.0,0.0,0.0,0.0,0.0,0.0,0.0,0.0,0.0,0.0,0.0,0.0,0.0,0.0,0.0,0.0,0.0,0.0,0.0,0.0,0.0,0.0,0.0,0.0,0.0,0.0,0.0,0.0,0.0,0.0,0.0,0.0,0.0,0.0,0.0,0.0,0.0,0.0,0.0,0.0,0.0,0.0,0.0,0.0,0.0,0.0,0.0,0.0,0.0,0.0,0.0,2.11,0.0,0.0
137,3.29,0.0,0.0,0.09,0.0,0.0,0.0,0.0,0.0,0.0,0.0,0.0,0.0,0.0,0.0,0.0,0.0,0.0,0.0,0.0,0.0,0.0,0.0,0.0,0.0,0.0,0.0,0.0,0.0,0.0,0.0,0.0,0.0,0.0,0.0,0.0,0.0,0.0,0.0,0.0,0.0,0.0,0.0,0.0,0.0,0.0,0.0,0.0,0.0,0.0,0.0,0.0,0.0,0.0,0.0,0.0,0.0,0.0,0.0,0.0,0.0,0.0,0.0,0.0,0.0,0.0,0.0,0.0,0.0,0.0,0.0,0.0,0.0,0.0,0.0,0.0,0.0,0.0,0.0,0.0,0.0,0.0,0.0,0.0,0.0,0.0,0.0,0.0,0.0,0.0,0.0,0.0,0.0,0.0,0.0,0.0
138,3.32,2.2,0.0,0.0,0.0,0.0,0.0,0.0,0.0,0.0,0.0,0.0,0.0,0.0,0.0,0.0,0.0,0.0,0.0,0.0,0.0,0.0,0.0,0.0,0.0,0.0,0.0,0.0,0.0,0.0,0.0,0.0,0.0,0.0,0.0,0.0,0.0,0.0,0.0,0.0,0.0,0.0,0.0,0.0,0.0,0.0,0.0,0.0,0.0,0.0,0.0,0.0,0.0,0.0,0.0,0.0,0.0,0.0,0.0,0.0,0.0,0.0,0.0,0.0,0.0,0.0,0.0,0.0,0.0,0.0,0.0,0.0,0.0,0.0,0.0,0.0,0.0,0.0,0.0,0.0,0.0,0.0,0.0,0.0,0.0,0.0,0.0,0.0,0.0,0.0,0.0,0.0,0.0,0.0,0.0,0.0
139,0.0,2.19,0.0,0.0,0.0,0.0,0.0,0.0,0.0,0.0,0.0,0.0,0.0,0.0,0.0,0.0,0.0,0.0,0.0,0.0,0.0,0.0,0.0,0.0,0.0,0.0,0.0,0.0,0.0,0.0,0.0,0.0,0.0,0.0,0.0,0.0,0.0,0.0,0.0,0.0,0.0,0.0,0.0,0.0,0.0,0.0,0.0,0.0,0.0,0.0,0.0,0.0,0.0,0.0,0.0,0.0,0.0,0.0,0.0,0.0,0.0,0.0,0.0,0.0,0.0,0.0,0.0,0.0,0.0,0.0,0.0,0.0,0.0,0.0,0.0,0.0,0.0,0.0,0.0,0.0,0.0,0.0,0.0,0.0,0.0,0.0,0.0,0.0,0.0,0.0,0.0,0.0,2.83,0.0,0.0,0.0
140,4.16,0.0,0.0,0.0,0.0,0.0,0.0,0.0,0.0,0.0,0.0,0.0,0.0,0.0,0.0,0.0,0.0,0.0,0.0,0.0,0.0,0.0,0.0,0.0,0.0,2.2,0.0,0.0,0.0,0.0,0.0,0.0,0.0,0.0,0.0,0.0,0.0,0.0,0.0,0.0,0.0,0.0,0.0,0.0,0.0,0.0,0.0,0.0,0.0,0.0,0.0,0.0,0.0,0.0,0.0,0.0,0.0,0.0,0.0,0.0,0.0,0.0,0.0,0.0,0.0,0.0,0.0,0.0,0.0,0.0,0.0,0.0,0.0,0.0,0.0,0.0,0.0,0.0,0.0,0.0,0.0,0.0,0.0,0.0,0.0,0.0,0.0,0.0,0.0,0.0,0.0,0.0,0.0,0.0,0.0,0.0
141,1.73,0.0,0.0,0.0,0.0,0.0,0.0,0.0,0.0,0.0,0.0,0.0,0.0,0.0,0.0,0.0,0.0,0.0,0.0,0.0,0.0,0.0,0.0,0.0,0.0,0.0,0.0,0.0,0.0,0.0,0.0,0.0,0.0,0.0,0.0,0.0,0.0,0.0,0.0,0.0,0.0,0.0,0.0,0.0,0.0,0.0,0.0,0.0,0.0,0.0,0.0,0.0,0.0,0.0,0.0,0.0,0.0,0.0,0.0,0.0,0.0,0.0,0.0,0.0,0.0,0.0,0.0,0.0,0.0,0.0,0.0,0.0,0.0,0.0,0.0,0.0,0.0,0.0,0.0,0.0,0.0,0.0,0.0,0.0,0.0,0.0,0.0,0.0,0.0,0.0,0.0,0.0,0.0,0.0,0.0,0.0
142,2.55,0.0,0.0,0.0,0.0,0.0,0.0,0.0,0.0,0.0,0.0,0.0,0.0,0.0,0.0,0.0,0.0,0.0,0.0,0.0,0.0,0.0,0.0,0.0,0.0,0.0,0.0,0.0,0.0,0.0,0.0,0.0,0.0,0.0,0.0,0.0,0.0,0.0,0.0,0.0,0.0,0.0,0.0,0.0,0.0,0.0,0.0,0.0,0.0,0.0,0.0,0.0,0.0,0.0,0.0,0.0,0.0,0.0,0.0,0.0,0.0,0.0,0.0,0.0,0.0,0.0,0.0,0.0,0.0,0.0,0.0,0.0,0.0,0.0,0.0,0.0,0.0,0.0,0.0,0.0,0.0,0.0,0.0,0.0,0.0,0.0,0.0,0.0,0.0,0.0,0.0,0.0,0.0,0.0,0.0,0.0
143,0.25,0.0,0.0,0.0,0.0,0.0,0.0,0.0,0.0,0.0,0.0,0.0,0.0,0.0,0.0,0.0,0.0,0.0,0.0,0.0,0.0,0.0,0.0,0.0,0.0,0.0,0.0,0.0,0.0,0.0,0.0,0.0,0.0,0.0,0.0,0.0,0.0,0.0,0.0,0.0,0.0,0.0,0.0,0.0,0.0,0.0,0.0,0.0,0.0,0.0,0.0,0.0,0.0,0.0,0.0,0.0,0.0,0.0,0.0,0.0,0.0,0.0,0.0,0.0,0.0,0.0,0.0,0.0,0.0,0.0,0.0,0.0,0.0,0.0,0.0,0.0,0.0,0.0,0.0,0.0,0.0,0.0,0.0,0.0,0.0,0.0,0.0,0.0,0.0,0.0,0.0,0.0,0.0,0.0,0.0,0.0
144,1.31,0.0,0.0,0.0,0.0,0.0,0.0,0.0,0.0,0.0,0.0,0.0,0.0,0.0,0.0,0.0,0.0,0.0,0.0,0.0,0.0,0.0,0.0,0.0,0.0,0.0,0.0,0.0,0.0,0.0,0.0,0.0,0.0,0.0,0.0,0.0,0.0,0.0,0.0,0.0,0.0,0.0,0.0,0.0,0.0,0.0,0.0,0.0,0.0,0.0,0.0,0.0,0.0,0.0,0.0,0.0,0.0,0.0,0.0,0.0,0.0,0.0,0.0,0.0,0.0,0.0,0.0,0.0,0.0,0.0,0.0,0.0,0.0,0.0,0.0,0.0,0.0,0.0,0.0,0.0,0.0,0.0,0.0,0.0,0.0,0.0,0.0,0.0,0.0,0.0,0.0,0.0,0.0,0.0,0.0,0.0
145,1.8,0.0,0.0,0.0,0.0,0.0,0.0,0.0,0.0,0.0,0.0,0.0,0.0,0.0,0.0,0.0,0.0,0.0,0.0,0.0,0.0,0.0,0.0,0.0,0.0,0.0,0.0,0.0,0.0,0.0,0.0,0.0,0.0,0.0,0.0,0.0,0.0,0.0,0.0,0.0,0.0,0.0,0.0,0.0,0.0,0.0,0.0,0.0,0.0,0.0,0.0,0.0,0.0,0.0,0.0,0.0,0.0,0.0,0.0,0.0,0.0,0.0,0.0,0.0,0.0,0.0,0.0,0.0,0.0,0.0,0.0,0.0,0.0,0.0,0.0,0.0,0.0,0.0,0.0,0.0,0.0,0.0,0.0,0.0,0.0,0.0,0.0,0.0,0.0,0.0,0.0,0.0,0.0,0.0,0.0,0.0
146,2.48,0.0,0.0,0.0,0.0,0.0,0.0,0.0,0.0,0.0,0.0,0.0,0.0,0.0,0.0,0.0,0.0,0.0,0.0,0.0,0.0,0.0,0.0,0.0,0.0,0.0,0.0,0.0,0.0,0.0,0.0,0.0,0.0,0.0,0.0,0.0,0.0,0.0,0.0,0.0,0.0,0.0,0.0,0.0,0.0,0.0,0.0,0.0,0.0,0.0,0.0,0.0,0.0,0.0,0.0,0.0,0.0,0.0,0.0,0.0,0.0,0.0,0.0,0.0,0.0,0.0,0.0,0.0,0.0,0.0,0.0,0.0,0.0,0.0,0.0,0.0,0.0,0.0,0.0,0.0,0.0,0.0,0.0,0.0,0.0,0.0,0.0,0.0,0.0,0.0,0.0,0.0,0.0,0.0,0.0,0.0
